,sim_name,area_total,area_conditioned,area_unconditioned,building_type,ashrae_standard,weather_file,climate_zone,annual_coil_heating_kbtu,annual_coil_cooling_kbtu
0,OfficeLarge_STD2013_InternationalFalls,498637.07,498637.07,0.0,OfficeLarge,STD2013,InternationalFalls,7,2891816.953385412,6974577.212650616
1,OfficeSmall_STD2019_GreatFalls,5502.59,5502.59,0.0,OfficeSmall,STD2019,GreatFalls,6B,39314.6004662079,32379.390016008547
2,Hospital_STD2016_Seattle,241524.56,241524.56,0.0,Hospital,STD2016,Seattle,4C,4946124.02720789,6564886.22649524
3,Hospital_STD2019_Seattle,241524.56,241524.56,0.0,Hospital,STD2019,Seattle,4C,4814633.111593788,6604058.94400159
4,OfficeMedium_STD2016_Seattle,53633.04,53633.04,0.0,OfficeMedium,STD2016,Seattle,4C,113854.6524119211,321199.9995194071
5,SchoolPrimary_STD2019_Honolulu,73966.05,73966.05,0.0,SchoolPrimary,STD2019,Honolulu,1A,97.40799598185508,4247370.648759676
6,OfficeMedium_STD2019_Seattle,53633.04,53633.04,0.0,OfficeMedium,STD2019,Seattle,4C,124761.15955600484,315409.28194531705
7,HotelSmall_STD2013_Buffalo,43206.06,40100.48,3105.5799999999945,HotelSmall,STD2013,Buffalo,5A,303096.93347359507,837043.6855706258
8,HotelLarge_STD2019_Fairbanks,122131.57,122131.57,0.0,HotelLarge,STD2019,Fairbanks,8,1898039.8961925644,829671.9627407404
9,RetailStandalone_STD2019_Rochester,24694.74,24694.74,0.0,RetailStandalone,STD2019,Rochester,6A,646816.0552485702,319083.0131940311
10,OfficeMedium_STD2013_GreatFalls,53633.04,53633.04,0.0,OfficeMedium,STD2013,GreatFalls,6B,347083.5158653456,405145.33656549867
11,Hospital_STD2019_Albuquerque,241524.56,241524.56,0.0,Hospital,STD2019,Albuquerque,4B,3595659.6226856983,10426055.8021889
12,RetailStripmall_STD2013_Tucson,22502.2,22502.2,0.0,RetailStripmall,STD2013,Tucson,2B,1622.5887398649652,997279.7165811666
13,OfficeSmall_STD2013_Albuquerque,5502.59,5502.59,0.0,OfficeSmall,STD2013,Albuquerque,4B,3398.74574604199,86354.01102573461
14,ApartmentHighRise_STD2013_Seattle,84359.39,75999.49,8359.899999999994,ApartmentHighRise,STD2013,Seattle,4C,442669.8327216493,185957.00389632155
15,RetailStandalone_STD2016_Denver,24694.74,24694.74,0.0,RetailStandalone,STD2016,Denver,5B,240665.81713172697,355462.2151309648
16,OfficeLarge_STD2013_Seattle,498637.07,498637.07,0.0,OfficeLarge,STD2013,Seattle,4C,736301.7665781556,6458847.370219726
17,RestaurantFastFood_STD2016_PortAngeles,2501.16,2501.16,0.0,RestaurantFastFood,STD2016,PortAngeles,5C,136066.41915399546,27371.94836179598
18,Warehouse_STD2013_Denver,52050.0,52050.0,0.0,Warehouse,STD2013,Denver,5B,340190.29013941006,62263.73973989549
19,RestaurantSitDown_STD2019_Tampa,5502.55,5502.55,0.0,RestaurantSitDown,STD2019,Tampa,2A,20581.767602539923,1331941.9784002916
20,OfficeLarge_STD2016_Albuquerque,498637.07,498637.07,0.0,OfficeLarge,STD2016,Albuquerque,4B,450502.11184198107,10764045.632910423
21,OfficeMedium_STD2019_Albuquerque,53633.04,53633.04,0.0,OfficeMedium,STD2019,Albuquerque,4B,72361.93806401042,789798.6856617617
22,RestaurantSitDown_STD2013_Honolulu,5502.55,5502.55,0.0,RestaurantSitDown,STD2013,Honolulu,1A,0.35719595949471156,1595655.0690116442
23,HotelLarge_STD2019_Albuquerque,122131.57,122131.57,0.0,HotelLarge,STD2019,Albuquerque,4B,98859.31247490426,2501340.63479578
24,RetailStripmall_STD2013_Denver,22502.2,22502.2,0.0,RetailStripmall,STD2013,Denver,5B,219763.72271170965,339615.3850643674
25,SchoolSecondary_STD2019_Fairbanks,210907.12,210907.12,0.0,SchoolSecondary,STD2019,Fairbanks,8,3452070.707138875,1310889.1472053549
26,SchoolPrimary_STD2013_Buffalo,73966.05,73966.05,0.0,SchoolPrimary,STD2013,Buffalo,5A,387505.16559660767,1042379.6235384488
27,Hospital_STD2019_ElPaso,241524.56,241524.56,0.0,Hospital,STD2019,ElPaso,3B,3338888.5537685347,13899369.861981193
28,Hospital_STD2019_GreatFalls,241524.56,241524.56,0.0,Hospital,STD2019,GreatFalls,6B,5245770.141331572,6627634.944887895
29,RestaurantSitDown_STD2016_Rochester,5502.55,5502.55,0.0,RestaurantSitDown,STD2016,Rochester,6A,616555.8046529159,286946.4202063849
30,RestaurantSitDown_STD2013_Seattle,5502.55,5502.55,0.0,RestaurantSitDown,STD2013,Seattle,4C,171464.48674634672,132248.78214129712
31,Warehouse_STD2013_Tucson,52050.0,52050.0,0.0,Warehouse,STD2013,Tucson,2B,1493.1728787511395,275329.73839821224
32,RetailStandalone_STD2016_Tucson,24694.74,24694.74,0.0,RetailStandalone,STD2016,Tucson,2B,4409.898636703298,969857.0318337819
33,OfficeSmall_STD2016_SanDiego,5502.59,5502.59,0.0,OfficeSmall,STD2016,SanDiego,3C,658.5489243297758,69340.92992970198
34,SchoolSecondary_STD2013_Buffalo,210907.12,210907.12,0.0,SchoolSecondary,STD2013,Buffalo,5A,718506.6048191966,3337949.9467502707
35,OfficeSmall_STD2016_InternationalFalls,5502.59,5502.59,0.0,OfficeSmall,STD2016,InternationalFalls,7,69174.54945069719,36382.270371657105
36,RetailStripmall_STD2013_Albuquerque,22502.2,22502.2,0.0,RetailStripmall,STD2013,Albuquerque,4B,61020.642229411926,479515.94437344384
37,OfficeSmall_STD2013_ElPaso,5502.59,5502.59,0.0,OfficeSmall,STD2013,ElPaso,3B,2739.8684651614617,106776.21593063412
38,RestaurantSitDown_STD2013_InternationalFalls,5502.55,5502.55,0.0,RestaurantSitDown,STD2013,InternationalFalls,7,791947.6950728777,206988.49813867663
39,ApartmentMidRise_STD2013_Buffalo,33744.0,30400.0,3344.0,ApartmentMidRise,STD2013,Buffalo,5A,162347.67575110783,286380.4012052349
40,ApartmentMidRise_STD2013_Albuquerque,33744.0,30400.0,3344.0,ApartmentMidRise,STD2013,Albuquerque,4B,62162.3301254775,457895.29602719744
41,HotelSmall_STD2013_Rochester,43206.06,40100.48,3105.5799999999945,HotelSmall,STD2013,Rochester,6A,481605.4402992167,822942.9133421058
42,Warehouse_STD2016_Fairbanks,52050.0,52050.0,0.0,Warehouse,STD2016,Fairbanks,8,1027355.4362947529,5240.62879000477
43,ApartmentMidRise_STD2016_ElPaso,33744.0,30400.0,3344.0,ApartmentMidRise,STD2016,ElPaso,3B,29103.83820662271,586646.4780772708
44,OfficeSmall_STD2013_NewYork,5502.59,5502.59,0.0,OfficeSmall,STD2013,NewYork,4A,18242.622498962362,76400.3440151128
45,OfficeLarge_STD2019_GreatFalls,498637.07,498637.07,0.0,OfficeLarge,STD2019,GreatFalls,6B,2454706.1180256763,6321164.191615953
46,Hospital_STD2016_Atlanta,241524.56,241524.56,0.0,Hospital,STD2016,Atlanta,3A,4493415.258317345,15880847.463707997
47,Hospital_STD2013_PortAngeles,241524.56,241524.56,0.0,Hospital,STD2013,PortAngeles,5C,5245061.161100948,5164827.772889228
48,ApartmentHighRise_STD2019_ElPaso,84359.39,75999.49,8359.899999999994,ApartmentHighRise,STD2019,ElPaso,3B,47331.05977093102,1431784.3303027411
49,RetailStripmall_STD2019_Honolulu,22502.2,22502.2,0.0,RetailStripmall,STD2019,Honolulu,1A,0.0,1684295.9661957426
50,HotelLarge_STD2019_GreatFalls,122131.57,122131.57,0.0,HotelLarge,STD2019,GreatFalls,6B,573373.710698546,1266801.4658201046
51,Hospital_STD2019_Atlanta,241524.56,241524.56,0.0,Hospital,STD2019,Atlanta,3A,4392720.701732517,15830196.07528651
52,OfficeSmall_STD2019_PortAngeles,5502.59,5502.59,0.0,OfficeSmall,STD2019,PortAngeles,5C,15582.26351885247,22733.461245551007
53,SchoolSecondary_STD2013_Honolulu,210907.12,210907.12,0.0,SchoolSecondary,STD2013,Honolulu,1A,1905.3780076966784,13336976.406972267
54,RetailStripmall_STD2016_Buffalo,22502.2,22502.2,0.0,RetailStripmall,STD2016,Buffalo,5A,502418.2739422661,252806.90919318618
55,OfficeMedium_STD2016_Atlanta,53633.04,53633.04,0.0,OfficeMedium,STD2016,Atlanta,3A,101482.78990054772,1215050.557760468
56,RetailStripmall_STD2019_Buffalo,22502.2,22502.2,0.0,RetailStripmall,STD2019,Buffalo,5A,519745.7663473698,232455.32265965306
57,RestaurantFastFood_STD2013_Buffalo,2501.16,2501.16,0.0,RestaurantFastFood,STD2013,Buffalo,5A,245689.0496148836,143506.78008373702
58,OfficeMedium_STD2019_Rochester,53633.04,53633.04,0.0,OfficeMedium,STD2019,Rochester,6A,510175.42748075357,593283.5289228355
59,OfficeMedium_STD2013_PortAngeles,53633.04,53633.04,0.0,OfficeMedium,STD2013,PortAngeles,5C,127010.6239384196,198171.87954343454
60,OfficeMedium_STD2019_Atlanta,53633.04,53633.04,0.0,OfficeMedium,STD2019,Atlanta,3A,95175.85597429279,1175248.3282445038
61,SchoolPrimary_STD2019_Rochester,73966.05,73966.05,0.0,SchoolPrimary,STD2019,Rochester,6A,745451.3891748665,946342.8845454287
62,OfficeLarge_STD2019_Tampa,498637.07,498637.07,0.0,OfficeLarge,STD2019,Tampa,2A,43904.938163533,20800157.350526877
63,ApartmentHighRise_STD2013_Atlanta,84359.39,75999.49,8359.899999999994,ApartmentHighRise,STD2013,Atlanta,3A,377429.7151118964,1382429.896228521
64,ApartmentHighRise_STD2019_Rochester,84359.39,75999.49,8359.899999999994,ApartmentHighRise,STD2019,Rochester,6A,1124821.3093004527,582104.0515207371
65,OfficeLarge_STD2013_Atlanta,498637.07,498637.07,0.0,OfficeLarge,STD2013,Atlanta,3A,566797.7527897087,18260010.73677959
66,RestaurantSitDown_STD2016_PortAngeles,5502.55,5502.55,0.0,RestaurantSitDown,STD2016,PortAngeles,5C,233204.55275596882,58597.52602447924
67,SchoolPrimary_STD2019_InternationalFalls,73966.05,73966.05,0.0,SchoolPrimary,STD2019,InternationalFalls,7,910418.1394612998,745100.2040343283
68,Warehouse_STD2016_Honolulu,52050.0,52050.0,0.0,Warehouse,STD2016,Honolulu,1A,0.0,404302.78184661746
69,ApartmentHighRise_STD2016_InternationalFalls,84359.39,75999.49,8359.899999999994,ApartmentHighRise,STD2016,InternationalFalls,7,1140717.0984439855,522986.82208715007
70,RestaurantSitDown_STD2016_ElPaso,5502.55,5502.55,0.0,RestaurantSitDown,STD2016,ElPaso,3B,59865.541722008515,613510.2068860881
71,RetailStripmall_STD2019_PortAngeles,22502.2,22502.2,0.0,RetailStripmall,STD2019,PortAngeles,5C,292779.6031893173,64859.98918469429
72,Warehouse_STD2013_NewYork,52050.0,52050.0,0.0,Warehouse,STD2013,NewYork,4A,414018.6756498924,97293.49614391198
73,HotelSmall_STD2016_Rochester,43206.06,40100.48,3105.5799999999945,HotelSmall,STD2016,Rochester,6A,336779.5619717892,802965.476569669
74,ApartmentMidRise_STD2019_PortAngeles,33744.0,30400.0,3344.0,ApartmentMidRise,STD2019,PortAngeles,5C,32861.85301198458,199943.94120957513
75,Warehouse_STD2013_Fairbanks,52050.0,52050.0,0.0,Warehouse,STD2013,Fairbanks,8,965914.7015194228,8877.78772210641
76,RestaurantSitDown_STD2013_Atlanta,5502.55,5502.55,0.0,RestaurantSitDown,STD2013,Atlanta,3A,124164.32035030074,743872.0432757952
77,RestaurantFastFood_STD2019_Fairbanks,2501.16,2501.16,0.0,RestaurantFastFood,STD2019,Fairbanks,8,680632.8130642114,26986.981913068696
78,RestaurantFastFood_STD2016_Honolulu,2501.16,2501.16,0.0,RestaurantFastFood,STD2016,Honolulu,1A,0.3203242677045659,907001.3375957378
79,HotelLarge_STD2013_PortAngeles,122131.57,122131.57,0.0,HotelLarge,STD2013,PortAngeles,5C,537636.4574832866,768288.6611410829
80,ApartmentHighRise_STD2016_Tampa,84359.39,75999.49,8359.899999999994,ApartmentHighRise,STD2016,Tampa,2A,46017.83577708205,2698341.250597091
81,ApartmentHighRise_STD2019_Honolulu,84359.39,75999.49,8359.899999999994,ApartmentHighRise,STD2019,Honolulu,1A,0.6735676400099573,3451787.9038469796
82,RetailStripmall_STD2019_Fairbanks,22502.2,22502.2,0.0,RetailStripmall,STD2019,Fairbanks,8,984720.9403441295,53111.18287500663
83,ApartmentHighRise_STD2016_PortAngeles,84359.39,75999.49,8359.899999999994,ApartmentHighRise,STD2016,PortAngeles,5C,392744.13111202605,69642.31814271853
84,RetailStripmall_STD2019_InternationalFalls,22502.2,22502.2,0.0,RetailStripmall,STD2019,InternationalFalls,7,847919.9786730986,168817.60686674755
85,OfficeLarge_STD2013_ElPaso,498637.07,498637.07,0.0,OfficeLarge,STD2013,ElPaso,3B,222926.47233504578,15522138.288821036
86,HotelSmall_STD2016_PortAngeles,43206.06,40100.48,3105.5799999999945,HotelSmall,STD2016,PortAngeles,5C,53151.20824147586,702427.7610292075
87,RestaurantSitDown_STD2013_Rochester,5502.55,5502.55,0.0,RestaurantSitDown,STD2013,Rochester,6A,615680.5790939156,291339.2784698382
88,RetailStandalone_STD2013_SanDiego,24694.74,24694.74,0.0,RetailStandalone,STD2013,SanDiego,3C,2771.158432576685,428815.163572833
89,Hospital_STD2013_Tampa,241524.56,241524.56,0.0,Hospital,STD2013,Tampa,2A,3934515.6097043916,25516953.050339077
90,OfficeLarge_STD2019_Honolulu,498637.07,498637.07,0.0,OfficeLarge,STD2019,Honolulu,1A,4099.54771109198,27325517.85853731
91,HotelLarge_STD2013_Honolulu,122131.57,122131.57,0.0,HotelLarge,STD2013,Honolulu,1A,45513.60777659259,11865260.168429162
92,Hospital_STD2019_SanDiego,241524.56,241524.56,0.0,Hospital,STD2019,SanDiego,3C,3872607.3819278707,11688934.372224038
93,RetailStripmall_STD2016_Fairbanks,22502.2,22502.2,0.0,RetailStripmall,STD2016,Fairbanks,8,959795.0232331012,63173.08154037688
94,SchoolSecondary_STD2013_Fairbanks,210907.12,210907.12,0.0,SchoolSecondary,STD2013,Fairbanks,8,3807414.757040858,1479198.3472401218
95,RestaurantFastFood_STD2013_Honolulu,2501.16,2501.16,0.0,RestaurantFastFood,STD2013,Honolulu,1A,0.23922163971762891,914441.0476754631
96,HotelSmall_STD2019_PortAngeles,43206.06,40100.48,3105.5799999999945,HotelSmall,STD2019,PortAngeles,5C,64912.5626050103,642143.0503488787
97,Warehouse_STD2013_Honolulu,52050.0,52050.0,0.0,Warehouse,STD2013,Honolulu,1A,0.0,460005.98502883484
98,OfficeSmall_STD2019_Denver,5502.59,5502.59,0.0,OfficeSmall,STD2019,Denver,5B,18003.31290881952,50504.02675180749
99,OfficeMedium_STD2019_SanDiego,53633.04,53633.04,0.0,OfficeMedium,STD2019,SanDiego,3C,8579.681173763038,769438.2607338482
100,ApartmentHighRise_STD2019_PortAngeles,84359.39,75999.49,8359.899999999994,ApartmentHighRise,STD2019,PortAngeles,5C,130824.28130559174,218742.86042242203
101,SchoolPrimary_STD2013_Atlanta,73966.05,73966.05,0.0,SchoolPrimary,STD2013,Atlanta,3A,150735.51271695743,2322776.259665632
102,RetailStripmall_STD2016_PortAngeles,22502.2,22502.2,0.0,RetailStripmall,STD2016,PortAngeles,5C,268730.65314425784,58011.029625594994
103,ApartmentMidRise_STD2019_SanDiego,33744.0,30400.0,3344.0,ApartmentMidRise,STD2019,SanDiego,3C,4895.188138642857,273055.9220341966
104,RetailStripmall_STD2013_InternationalFalls,22502.2,22502.2,0.0,RetailStripmall,STD2013,InternationalFalls,7,795786.951081644,221878.52046287098
105,HotelSmall_STD2016_Tucson,43206.06,40100.48,3105.5799999999945,HotelSmall,STD2016,Tucson,2B,5322.1662101352285,1593319.2892736816
106,ApartmentMidRise_STD2016_PortAngeles,33744.0,30400.0,3344.0,ApartmentMidRise,STD2016,PortAngeles,5C,120385.89076156216,117146.64441501601
107,HotelLarge_STD2016_Honolulu,122131.57,122131.57,0.0,HotelLarge,STD2016,Honolulu,1A,38067.64987483924,11211113.795136856
108,RetailStandalone_STD2016_SanDiego,24694.74,24694.74,0.0,RetailStandalone,STD2016,SanDiego,3C,4126.336129450511,389794.3471915024
109,HotelSmall_STD2019_Rochester,43206.06,40100.48,3105.5799999999945,HotelSmall,STD2019,Rochester,6A,348132.26398330525,740317.4549082716
110,SchoolSecondary_STD2013_Atlanta,210907.12,210907.12,0.0,SchoolSecondary,STD2013,Atlanta,3A,270380.3803965726,6738324.954999109
111,Hospital_STD2013_Denver,241524.56,241524.56,0.0,Hospital,STD2013,Denver,5B,4142590.3186824643,8085485.518555194
112,RestaurantFastFood_STD2016_Fairbanks,2501.16,2501.16,0.0,RestaurantFastFood,STD2016,Fairbanks,8,662639.1606493423,33904.329614580434
113,RetailStripmall_STD2019_ElPaso,22502.2,22502.2,0.0,RetailStripmall,STD2019,ElPaso,3B,40818.817322452196,604787.1163585975
114,SchoolPrimary_STD2013_GreatFalls,73966.05,73966.05,0.0,SchoolPrimary,STD2013,GreatFalls,6B,523196.8444784993,731177.741353437
115,ApartmentMidRise_STD2013_Atlanta,33744.0,30400.0,3344.0,ApartmentMidRise,STD2013,Atlanta,3A,90238.65523293595,599804.668008786
116,SchoolSecondary_STD2013_GreatFalls,210907.12,210907.12,0.0,SchoolSecondary,STD2013,GreatFalls,6B,894740.7598830363,2396493.5698211603
117,SchoolPrimary_STD2016_Rochester,73966.05,73966.05,0.0,SchoolPrimary,STD2016,Rochester,6A,830671.6842009124,1031335.60082141
118,RetailStripmall_STD2016_Seattle,22502.2,22502.2,0.0,RetailStripmall,STD2016,Seattle,4C,217066.22095956988,140196.97194884619
119,SchoolSecondary_STD2016_Honolulu,210907.12,210907.12,0.0,SchoolSecondary,STD2016,Honolulu,1A,8322.21624427152,12519767.85822486
120,RestaurantFastFood_STD2016_ElPaso,2501.16,2501.16,0.0,RestaurantFastFood,STD2016,ElPaso,3B,49044.10544603,336268.72872424644
121,Warehouse_STD2019_ElPaso,52050.0,52050.0,0.0,Warehouse,STD2019,ElPaso,3B,18766.348724119387,160264.76386909632
122,HotelSmall_STD2016_Denver,43206.06,40100.48,3105.5799999999945,HotelSmall,STD2016,Denver,5B,98140.2736779173,901885.6591906401
123,RetailStripmall_STD2019_Seattle,22502.2,22502.2,0.0,RetailStripmall,STD2019,Seattle,4C,236986.81581532396,125573.00571271183
124,HotelSmall_STD2013_Atlanta,43206.06,40100.48,3105.5799999999945,HotelSmall,STD2013,Atlanta,3A,77490.29844595221,1515599.1659340996
125,RestaurantFastFood_STD2013_Seattle,2501.16,2501.16,0.0,RestaurantFastFood,STD2013,Seattle,4C,101580.05798735505,66941.9060958404
126,ApartmentHighRise_STD2016_Rochester,84359.39,75999.49,8359.899999999994,ApartmentHighRise,STD2016,Rochester,6A,1025657.5991519454,649810.226598842
127,Hospital_STD2013_Tucson,241524.56,241524.56,0.0,Hospital,STD2013,Tucson,2B,3469034.58305931,17200268.53162454
128,RestaurantSitDown_STD2019_PortAngeles,5502.55,5502.55,0.0,RestaurantSitDown,STD2019,PortAngeles,5C,237537.39561433363,51233.3441982744
129,HotelLarge_STD2013_Fairbanks,122131.57,122131.57,0.0,HotelLarge,STD2013,Fairbanks,8,3757654.9191246694,960787.7997130217
130,RetailStandalone_STD2013_Rochester,24694.74,24694.74,0.0,RetailStandalone,STD2013,Rochester,6A,339399.78598217,378469.7036347886
131,OfficeSmall_STD2016_PortAngeles,5502.59,5502.59,0.0,OfficeSmall,STD2016,PortAngeles,5C,14324.712575972231,25026.621041226113
132,SchoolPrimary_STD2013_InternationalFalls,73966.05,73966.05,0.0,SchoolPrimary,STD2013,InternationalFalls,7,947577.4829464469,879759.1221414881
133,RestaurantFastFood_STD2013_Albuquerque,2501.16,2501.16,0.0,RestaurantFastFood,STD2013,Albuquerque,4B,87176.05476805838,203949.51191369808
134,OfficeSmall_STD2019_Tucson,5502.59,5502.59,0.0,OfficeSmall,STD2019,Tucson,2B,490.74522955167646,132636.39421774013
135,OfficeMedium_STD2016_Rochester,53633.04,53633.04,0.0,OfficeMedium,STD2016,Rochester,6A,512697.8129724296,623979.307164226
136,OfficeLarge_STD2013_PortAngeles,498637.07,498637.07,0.0,OfficeLarge,STD2013,PortAngeles,5C,757318.4922144368,4296770.298957977
137,Hospital_STD2016_Tampa,241524.56,241524.56,0.0,Hospital,STD2016,Tampa,2A,3917846.128461466,24433337.07482528
138,HotelLarge_STD2013_NewYork,122131.57,122131.57,0.0,HotelLarge,STD2013,NewYork,4A,512374.3386113451,3966014.573547285
139,OfficeLarge_STD2019_Denver,498637.07,498637.07,0.0,OfficeLarge,STD2019,Denver,5B,1342607.0818879325,8599936.759719241
140,Warehouse_STD2019_Fairbanks,52050.0,52050.0,0.0,Warehouse,STD2019,Fairbanks,8,1031319.8797662422,4695.8716493597585
141,RestaurantSitDown_STD2013_Buffalo,5502.55,5502.55,0.0,RestaurantSitDown,STD2013,Buffalo,5A,417044.3524830828,267598.85639229155
142,RestaurantFastFood_STD2013_Fairbanks,2501.16,2501.16,0.0,RestaurantFastFood,STD2013,Fairbanks,8,666006.750195176,34664.18246546751
143,ApartmentHighRise_STD2013_Tucson,84359.39,75999.49,8359.899999999994,ApartmentHighRise,STD2013,Tucson,2B,34910.24366260474,1966256.7043085722
144,SchoolPrimary_STD2013_Seattle,73966.05,73966.05,0.0,SchoolPrimary,STD2013,Seattle,4C,391578.9017831023,688493.7660406523
145,ApartmentHighRise_STD2013_Tampa,84359.39,75999.49,8359.899999999994,ApartmentHighRise,STD2013,Tampa,2A,43820.456983615055,2757667.7736528344
146,SchoolSecondary_STD2016_Tucson,210907.12,210907.12,0.0,SchoolSecondary,STD2016,Tucson,2B,39540.25759769133,7243861.899829737
147,OfficeSmall_STD2019_Tampa,5502.59,5502.59,0.0,OfficeSmall,STD2019,Tampa,2A,352.7059918724173,167124.79469653522
148,RetailStripmall_STD2013_Fairbanks,22502.2,22502.2,0.0,RetailStripmall,STD2013,Fairbanks,8,940059.5795839989,73798.08063599674
149,SchoolSecondary_STD2016_Fairbanks,210907.12,210907.12,0.0,SchoolSecondary,STD2016,Fairbanks,8,3781776.8366785226,1404054.1993040955
150,HotelLarge_STD2016_Albuquerque,122131.57,122131.57,0.0,HotelLarge,STD2016,Albuquerque,4B,317456.2103145924,2890654.516868488
151,SchoolPrimary_STD2016_Tucson,73966.05,73966.05,0.0,SchoolPrimary,STD2016,Tucson,2B,33167.05193292157,2709688.0093692997
152,OfficeSmall_STD2013_SanDiego,5502.59,5502.59,0.0,OfficeSmall,STD2013,SanDiego,3C,452.7597834012811,75762.77792756191
153,OfficeMedium_STD2016_Denver,53633.04,53633.04,0.0,OfficeMedium,STD2016,Denver,5B,164795.84464089942,607442.1873063417
154,HotelSmall_STD2013_Albuquerque,43206.06,40100.48,3105.5799999999945,HotelSmall,STD2013,Albuquerque,4B,71713.7605407634,1152171.6302737233
155,SchoolSecondary_STD2013_Seattle,210907.12,210907.12,0.0,SchoolSecondary,STD2013,Seattle,4C,786719.084553749,2333939.7840708103
156,HotelSmall_STD2019_SanDiego,43206.06,40100.48,3105.5799999999945,HotelSmall,STD2019,SanDiego,3C,4434.286164271977,1085418.8749911787
157,ApartmentHighRise_STD2013_Albuquerque,84359.39,75999.49,8359.899999999994,ApartmentHighRise,STD2013,Albuquerque,4B,237176.19262356331,1044460.0248353129
158,ApartmentMidRise_STD2013_Seattle,33744.0,30400.0,3344.0,ApartmentMidRise,STD2013,Seattle,4C,113235.4863860854,168461.68325012512
159,RestaurantSitDown_STD2019_Rochester,5502.55,5502.55,0.0,RestaurantSitDown,STD2019,Rochester,6A,616278.0792925672,269612.19030426536
160,RestaurantSitDown_STD2019_InternationalFalls,5502.55,5502.55,0.0,RestaurantSitDown,STD2019,InternationalFalls,7,790013.5337817812,187879.83937407995
161,HotelLarge_STD2016_Tucson,122131.57,122131.57,0.0,HotelLarge,STD2016,Tucson,2B,185879.57241098175,5348486.898495206
162,RetailStandalone_STD2016_Rochester,24694.74,24694.74,0.0,RetailStandalone,STD2016,Rochester,6A,618742.9811764666,343858.2541362547
163,SchoolPrimary_STD2016_Denver,73966.05,73966.05,0.0,SchoolPrimary,STD2016,Denver,5B,458985.97133261856,1070768.9883560264
164,RetailStandalone_STD2019_NewYork,24694.74,24694.74,0.0,RetailStandalone,STD2019,NewYork,4A,306270.95511161623,494899.54386756645
165,OfficeMedium_STD2016_Buffalo,53633.04,53633.04,0.0,OfficeMedium,STD2016,Buffalo,5A,340918.15593389014,563950.2635778895
166,RetailStripmall_STD2016_Atlanta,22502.2,22502.2,0.0,RetailStripmall,STD2016,Atlanta,3A,136118.12532843588,696538.5872563705
167,RetailStandalone_STD2016_NewYork,24694.74,24694.74,0.0,RetailStandalone,STD2016,NewYork,4A,283328.5287273277,526524.5432395053
168,OfficeMedium_STD2019_Buffalo,53633.04,53633.04,0.0,OfficeMedium,STD2019,Buffalo,5A,347185.9304926336,546106.8977493276
169,RestaurantFastFood_STD2013_Atlanta,2501.16,2501.16,0.0,RestaurantFastFood,STD2013,Atlanta,3A,93409.66768945483,408625.2388100502
170,Hospital_STD2016_Albuquerque,241524.56,241524.56,0.0,Hospital,STD2016,Albuquerque,4B,3625802.0153982523,10054623.958744666
171,RetailStripmall_STD2019_Atlanta,22502.2,22502.2,0.0,RetailStripmall,STD2019,Atlanta,3A,145587.9562219814,666007.7529086779
172,HotelSmall_STD2013_Seattle,43206.06,40100.48,3105.5799999999945,HotelSmall,STD2013,Seattle,4C,87113.12649317212,768635.1242306674
173,OfficeMedium_STD2016_Albuquerque,53633.04,53633.04,0.0,OfficeMedium,STD2016,Albuquerque,4B,59010.653561136576,800500.5536264584
174,OfficeLarge_STD2019_InternationalFalls,498637.07,498637.07,0.0,OfficeLarge,STD2019,InternationalFalls,7,1771739.5785308683,6703531.523444591
175,Hospital_STD2016_Buffalo,241524.56,241524.56,0.0,Hospital,STD2016,Buffalo,5A,5662186.927852122,8732764.699070564
176,RetailStandalone_STD2019_GreatFalls,24694.74,24694.74,0.0,RetailStandalone,STD2019,GreatFalls,6B,442127.87319141615,207261.39816845395
177,HotelLarge_STD2016_Denver,122131.57,122131.57,0.0,HotelLarge,STD2016,Denver,5B,552562.7006393756,2172129.928358134
178,RetailStandalone_STD2019_Tampa,24694.74,24694.74,0.0,RetailStandalone,STD2019,Tampa,2A,9906.161167497976,1354208.605278075
179,Hospital_STD2019_Buffalo,241524.56,241524.56,0.0,Hospital,STD2019,Buffalo,5A,5673031.718653877,8853506.416375097
180,OfficeMedium_STD2013_Rochester,53633.04,53633.04,0.0,OfficeMedium,STD2013,Rochester,6A,545677.4968021206,625013.7463323106
181,RestaurantFastFood_STD2019_PortAngeles,2501.16,2501.16,0.0,RestaurantFastFood,STD2019,PortAngeles,5C,147335.78808770978,20081.03420078669
182,RetailStripmall_STD2013_GreatFalls,22502.2,22502.2,0.0,RetailStripmall,STD2013,GreatFalls,6B,408212.0608336694,213204.12923699914
183,OfficeLarge_STD2019_Albuquerque,498637.07,498637.07,0.0,OfficeLarge,STD2019,Albuquerque,4B,571547.4781459308,11272044.027682727
184,OfficeMedium_STD2016_Tucson,53633.04,53633.04,0.0,OfficeMedium,STD2016,Tucson,2B,10612.900062085386,1453540.293637153
185,SchoolPrimary_STD2013_Rochester,73966.05,73966.05,0.0,SchoolPrimary,STD2013,Rochester,6A,759738.824204261,1097462.8177726774
186,OfficeLarge_STD2013_Buffalo,498637.07,498637.07,0.0,OfficeLarge,STD2013,Buffalo,5A,1346177.4469839493,8896027.451097287
187,OfficeLarge_STD2019_Tucson,498637.07,498637.07,0.0,OfficeLarge,STD2019,Tucson,2B,58348.16744673006,18025789.342871685
188,RestaurantSitDown_STD2016_Honolulu,5502.55,5502.55,0.0,RestaurantSitDown,STD2016,Honolulu,1A,1.6729425914220812,1574160.289178363
189,ApartmentHighRise_STD2013_Rochester,84359.39,75999.49,8359.899999999994,ApartmentHighRise,STD2013,Rochester,6A,1094209.9387978402,650432.6570658388
190,SchoolSecondary_STD2016_Denver,210907.12,210907.12,0.0,SchoolSecondary,STD2016,Denver,5B,1199438.749577913,3256200.0128077273
191,ApartmentHighRise_STD2016_GreatFalls,84359.39,75999.49,8359.899999999994,ApartmentHighRise,STD2016,GreatFalls,6B,752525.9042467193,448339.98814003536
192,ApartmentHighRise_STD2013_Denver,84359.39,75999.49,8359.899999999994,ApartmentHighRise,STD2013,Denver,5B,552703.1771471113,703089.1254302717
193,ApartmentHighRise_STD2013_Buffalo,84359.39,75999.49,8359.899999999994,ApartmentHighRise,STD2013,Buffalo,5A,691792.846321962,553806.7157630782
194,HotelLarge_STD2016_Fairbanks,122131.57,122131.57,0.0,HotelLarge,STD2016,Fairbanks,8,3391805.5710237846,1066646.3605510425
195,RestaurantSitDown_STD2013_Albuquerque,5502.55,5502.55,0.0,RestaurantSitDown,STD2013,Albuquerque,4B,121161.43425310524,391044.1980268484
196,OfficeMedium_STD2016_GreatFalls,53633.04,53633.04,0.0,OfficeMedium,STD2016,GreatFalls,6B,320312.0748700228,405258.23963055486
197,HotelLarge_STD2019_Atlanta,122131.57,122131.57,0.0,HotelLarge,STD2019,Atlanta,3A,140508.2724676488,4312701.216767084
198,SchoolPrimary_STD2013_Denver,73966.05,73966.05,0.0,SchoolPrimary,STD2013,Denver,5B,372904.94008106954,1162403.1633558478
199,Hospital_STD2019_Tampa,241524.56,241524.56,0.0,Hospital,STD2019,Tampa,2A,3857723.956564525,24149489.44568572
200,HotelLarge_STD2016_Atlanta,122131.57,122131.57,0.0,HotelLarge,STD2016,Atlanta,3A,501771.8483568835,5418622.288101819
201,Warehouse_STD2016_Buffalo,52050.0,52050.0,0.0,Warehouse,STD2016,Buffalo,5A,723561.3281531017,34858.83919950112
202,OfficeMedium_STD2013_Tucson,53633.04,53633.04,0.0,OfficeMedium,STD2013,Tucson,2B,10801.411156359478,1471866.7491416174
203,HotelSmall_STD2013_SanDiego,43206.06,40100.48,3105.5799999999945,HotelSmall,STD2013,SanDiego,3C,5294.3142624110105,1205850.833840756
204,SchoolPrimary_STD2013_Albuquerque,73966.05,73966.05,0.0,SchoolPrimary,STD2013,Albuquerque,4B,137167.11176021886,1575492.3157279924
205,OfficeSmall_STD2019_SanDiego,5502.59,5502.59,0.0,OfficeSmall,STD2019,SanDiego,3C,718.3858872404224,64272.011266235735
206,OfficeMedium_STD2016_InternationalFalls,53633.04,53633.04,0.0,OfficeMedium,STD2016,InternationalFalls,7,328104.24921361636,482793.8463115747
207,Warehouse_STD2019_Buffalo,52050.0,52050.0,0.0,Warehouse,STD2019,Buffalo,5A,728195.6241928566,32675.228772451035
208,RestaurantSitDown_STD2019_Tucson,5502.55,5502.55,0.0,RestaurantSitDown,STD2019,Tucson,2B,17702.66658478262,785785.023198132
209,HotelLarge_STD2013_Denver,122131.57,122131.57,0.0,HotelLarge,STD2013,Denver,5B,522109.6973024507,2195379.0040363264
210,RestaurantFastFood_STD2019_InternationalFalls,2501.16,2501.16,0.0,RestaurantFastFood,STD2019,InternationalFalls,7,478912.67759524676,92705.7217736938
211,OfficeSmall_STD2016_Tampa,5502.59,5502.59,0.0,OfficeSmall,STD2016,Tampa,2A,384.96289066273425,173158.81701123514
212,RestaurantSitDown_STD2019_GreatFalls,5502.55,5502.55,0.0,RestaurantSitDown,STD2019,GreatFalls,6B,438781.57841711154,161780.169447628
213,OfficeLarge_STD2016_Fairbanks,498637.07,498637.07,0.0,OfficeLarge,STD2016,Fairbanks,8,2863980.153232623,3951592.4216431347
214,SchoolSecondary_STD2013_Denver,210907.12,210907.12,0.0,SchoolSecondary,STD2013,Denver,5B,1057389.067376205,3482104.983163898
215,RetailStandalone_STD2016_InternationalFalls,24694.74,24694.74,0.0,RetailStandalone,STD2016,InternationalFalls,7,430280.6756414413,257555.05510874896
216,ApartmentHighRise_STD2016_Denver,84359.39,75999.49,8359.899999999994,ApartmentHighRise,STD2016,Denver,5B,558038.7408821684,653003.2328860856
217,RetailStandalone_STD2013_Atlanta,24694.74,24694.74,0.0,RetailStandalone,STD2013,Atlanta,3A,46606.063358903026,758145.3704909291
218,RestaurantFastFood_STD2016_NewYork,2501.16,2501.16,0.0,RestaurantFastFood,STD2016,NewYork,4A,155213.24234576852,256544.50865654598
219,SchoolSecondary_STD2019_Albuquerque,210907.12,210907.12,0.0,SchoolSecondary,STD2019,Albuquerque,4B,472209.03354722884,4033659.3996519744
220,RestaurantFastFood_STD2019_NewYork,2501.16,2501.16,0.0,RestaurantFastFood,STD2019,NewYork,4A,165099.15434292817,231971.7321773303
221,RetailStripmall_STD2013_NewYork,22502.2,22502.2,0.0,RetailStripmall,STD2013,NewYork,4A,298631.84380099643,505908.4663683815
222,ApartmentHighRise_STD2016_Tucson,84359.39,75999.49,8359.899999999994,ApartmentHighRise,STD2016,Tucson,2B,37428.57839762563,1921767.4221411683
223,RetailStandalone_STD2013_Albuquerque,24694.74,24694.74,0.0,RetailStandalone,STD2013,Albuquerque,4B,79493.03532013121,532638.0653788728
224,OfficeLarge_STD2013_Tampa,498637.07,498637.07,0.0,OfficeLarge,STD2013,Tampa,2A,101392.45143676162,24334535.83791689
225,SchoolSecondary_STD2013_Tucson,210907.12,210907.12,0.0,SchoolSecondary,STD2013,Tucson,2B,16776.55682704932,7689271.637251065
226,Warehouse_STD2019_GreatFalls,52050.0,52050.0,0.0,Warehouse,STD2019,GreatFalls,6B,659599.0390010141,22337.982306288704
227,RetailStandalone_STD2016_Tampa,24694.74,24694.74,0.0,RetailStandalone,STD2016,Tampa,2A,7736.291530819225,1424427.8344830251
228,SchoolPrimary_STD2013_Tucson,73966.05,73966.05,0.0,SchoolPrimary,STD2013,Tucson,2B,19652.098641723904,2938189.100000038
229,Hospital_STD2016_Fairbanks,241524.56,241524.56,0.0,Hospital,STD2016,Fairbanks,8,8766147.492054053,4028712.0354708955
230,SchoolPrimary_STD2016_Honolulu,73966.05,73966.05,0.0,SchoolPrimary,STD2016,Honolulu,1A,228.76766651706242,4628552.320519554
231,HotelLarge_STD2013_Tucson,122131.57,122131.57,0.0,HotelLarge,STD2013,Tucson,2B,161242.40876154002,5499003.731933695
232,RestaurantSitDown_STD2019_Denver,5502.55,5502.55,0.0,RestaurantSitDown,STD2019,Denver,5B,271658.6506106258,250583.11411800678
233,Warehouse_STD2019_PortAngeles,52050.0,52050.0,0.0,Warehouse,STD2019,PortAngeles,5C,164093.51541414752,5048.3401415191665
234,OfficeMedium_STD2013_Denver,53633.04,53633.04,0.0,OfficeMedium,STD2013,Denver,5B,170585.39233053997,623898.9549652755
235,ApartmentMidRise_STD2019_InternationalFalls,33744.0,30400.0,3344.0,ApartmentMidRise,STD2019,InternationalFalls,7,293539.33232876676,240441.49361654717
236,RestaurantFastFood_STD2013_ElPaso,2501.16,2501.16,0.0,RestaurantFastFood,STD2013,ElPaso,3B,49497.597350817974,338951.89761818334
237,HotelSmall_STD2013_Denver,43206.06,40100.48,3105.5799999999945,HotelSmall,STD2013,Denver,5B,158980.98778435422,927416.5245603129
238,OfficeLarge_STD2016_Honolulu,498637.07,498637.07,0.0,OfficeLarge,STD2016,Honolulu,1A,3952.3824803504335,28045156.43562393
239,RetailStandalone_STD2019_ElPaso,24694.74,24694.74,0.0,RetailStandalone,STD2019,ElPaso,3B,44269.43586495144,674089.512657656
240,SchoolSecondary_STD2013_InternationalFalls,210907.12,210907.12,0.0,SchoolSecondary,STD2013,InternationalFalls,7,1962896.9133568958,2913466.3978426266
241,HotelLarge_STD2019_Seattle,122131.57,122131.57,0.0,HotelLarge,STD2019,Seattle,4C,166948.64034942066,987016.4980738846
242,ApartmentMidRise_STD2013_SanDiego,33744.0,30400.0,3344.0,ApartmentMidRise,STD2013,SanDiego,3C,4147.654649324406,299696.407023024
243,HotelLarge_STD2016_Seattle,122131.57,122131.57,0.0,HotelLarge,STD2016,Seattle,4C,447503.15968667954,1297736.6570326393
244,SchoolPrimary_STD2016_NewYork,73966.05,73966.05,0.0,SchoolPrimary,STD2016,NewYork,4A,250647.19094524448,1518060.430035549
245,Hospital_STD2016_Tucson,241524.56,241524.56,0.0,Hospital,STD2016,Tucson,2B,3127372.4469692055,16544060.79208326
246,Hospital_STD2016_InternationalFalls,241524.56,241524.56,0.0,Hospital,STD2016,InternationalFalls,7,7074126.580821026,6802155.53967243
247,OfficeLarge_STD2013_Fairbanks,498637.07,498637.07,0.0,OfficeLarge,STD2013,Fairbanks,8,4674146.950291059,4066860.182992846
248,ApartmentHighRise_STD2016_Honolulu,84359.39,75999.49,8359.899999999994,ApartmentHighRise,STD2016,Honolulu,1A,3.0033172980401646,3570492.0016400428
249,SchoolPrimary_STD2019_NewYork,73966.05,73966.05,0.0,SchoolPrimary,STD2019,NewYork,4A,212956.26153334446,1416403.7713000232
250,HotelLarge_STD2019_InternationalFalls,122131.57,122131.57,0.0,HotelLarge,STD2019,InternationalFalls,7,1137418.4151920562,1493267.3899759448
251,RestaurantFastFood_STD2019_Honolulu,2501.16,2501.16,0.0,RestaurantFastFood,STD2019,Honolulu,1A,0.5943080523285681,843555.9078833691
252,OfficeSmall_STD2016_Buffalo,5502.59,5502.59,0.0,OfficeSmall,STD2016,Buffalo,5A,38778.14869140647,42273.73196299466
253,Hospital_STD2013_SanDiego,241524.56,241524.56,0.0,Hospital,STD2013,SanDiego,3C,4236909.217772766,12322406.049709177
254,OfficeSmall_STD2019_Buffalo,5502.59,5502.59,0.0,OfficeSmall,STD2019,Buffalo,5A,39876.88607879399,39614.025673195945
255,ApartmentMidRise_STD2019_Tucson,33744.0,30400.0,3344.0,ApartmentMidRise,STD2019,Tucson,2B,2263.553224847334,757931.7922023311
256,SchoolSecondary_STD2019_NewYork,210907.12,210907.12,0.0,SchoolSecondary,STD2019,NewYork,4A,384717.6750539563,4373379.936975921
257,ApartmentMidRise_STD2016_NewYork,33744.0,30400.0,3344.0,ApartmentMidRise,STD2016,NewYork,4A,87281.95930369495,410425.7136505617
258,SchoolSecondary_STD2016_NewYork,210907.12,210907.12,0.0,SchoolSecondary,STD2016,NewYork,4A,446955.81681560003,4632290.903776746
259,Warehouse_STD2019_Honolulu,52050.0,52050.0,0.0,Warehouse,STD2019,Honolulu,1A,0.0,392072.59263222
260,ApartmentMidRise_STD2019_NewYork,33744.0,30400.0,3344.0,ApartmentMidRise,STD2019,NewYork,4A,100637.49704903952,400226.99405312876
261,SchoolPrimary_STD2019_PortAngeles,73966.05,73966.05,0.0,SchoolPrimary,STD2019,PortAngeles,5C,225996.1866730555,370172.55595521384
262,OfficeMedium_STD2013_SanDiego,53633.04,53633.04,0.0,OfficeMedium,STD2013,SanDiego,3C,6803.7946198775335,797411.0642327778
263,ApartmentMidRise_STD2019_Denver,33744.0,30400.0,3344.0,ApartmentMidRise,STD2019,Denver,5B,82424.92392081027,343936.19990699773
264,RetailStandalone_STD2013_Seattle,24694.74,24694.74,0.0,RetailStandalone,STD2013,Seattle,4C,159091.50367140525,178134.2218096885
265,HotelSmall_STD2016_NewYork,43206.06,40100.48,3105.5799999999945,HotelSmall,STD2016,NewYork,4A,118666.43005978031,1078026.875703471
266,RestaurantSitDown_STD2013_Tampa,5502.55,5502.55,0.0,RestaurantSitDown,STD2013,Tampa,2A,19641.491721639763,1399744.3113507268
267,Hospital_STD2013_Fairbanks,241524.56,241524.56,0.0,Hospital,STD2013,Fairbanks,8,9305242.677653257,4076832.1487593036
268,ApartmentMidRise_STD2019_Fairbanks,33744.0,30400.0,3344.0,ApartmentMidRise,STD2019,Fairbanks,8,375793.9642848842,192106.9869584866
269,HotelSmall_STD2019_NewYork,43206.06,40100.48,3105.5799999999945,HotelSmall,STD2019,NewYork,4A,129214.65529449168,1006032.9359045986
270,Warehouse_STD2013_Albuquerque,52050.0,52050.0,0.0,Warehouse,STD2013,Albuquerque,4B,120513.66566363593,107295.51254228313
271,SchoolSecondary_STD2013_PortAngeles,210907.12,210907.12,0.0,SchoolSecondary,STD2013,PortAngeles,5C,282138.0815931181,1613935.239166884
272,OfficeSmall_STD2019_Rochester,5502.59,5502.59,0.0,OfficeSmall,STD2019,Rochester,6A,61876.03014946131,40575.704042351936
273,HotelSmall_STD2013_Tucson,43206.06,40100.48,3105.5799999999945,HotelSmall,STD2013,Tucson,2B,8139.836925335232,1746096.4470964589
274,RetailStandalone_STD2019_PortAngeles,24694.74,24694.74,0.0,RetailStandalone,STD2019,PortAngeles,5C,241842.1579861525,63759.028950712796
275,RetailStripmall_STD2016_Honolulu,22502.2,22502.2,0.0,RetailStripmall,STD2016,Honolulu,1A,0.0,1747018.8884203453
276,Hospital_STD2016_Denver,241524.56,241524.56,0.0,Hospital,STD2016,Denver,5B,4110382.4573533908,8002246.4914030265
277,ApartmentMidRise_STD2019_GreatFalls,33744.0,30400.0,3344.0,ApartmentMidRise,STD2019,GreatFalls,6B,178156.13614022286,230935.85854756736
278,OfficeMedium_STD2019_ElPaso,53633.04,53633.04,0.0,OfficeMedium,STD2019,ElPaso,3B,40415.374125828246,1077124.738894593
279,OfficeSmall_STD2016_Rochester,5502.59,5502.59,0.0,OfficeSmall,STD2016,Rochester,6A,59865.37149949396,44373.84252923758
280,RestaurantSitDown_STD2013_ElPaso,5502.55,5502.55,0.0,RestaurantSitDown,STD2013,ElPaso,3B,58379.4970575936,621429.2924546055
281,Hospital_STD2013_NewYork,241524.56,241524.56,0.0,Hospital,STD2013,NewYork,4A,5227503.194731391,12371249.235365879
282,RetailStandalone_STD2013_Buffalo,24694.74,24694.74,0.0,RetailStandalone,STD2013,Buffalo,5A,207230.177007468,349891.2604508501
283,HotelSmall_STD2016_InternationalFalls,43206.06,40100.48,3105.5799999999945,HotelSmall,STD2016,InternationalFalls,7,400198.09039079695,698382.6123549675
284,RetailStandalone_STD2016_PortAngeles,24694.74,24694.74,0.0,RetailStandalone,STD2016,PortAngeles,5C,213368.37074008238,78160.18273493471
285,OfficeMedium_STD2013_NewYork,53633.04,53633.04,0.0,OfficeMedium,STD2013,NewYork,4A,194001.31179126064,885740.4066186416
286,SchoolPrimary_STD2016_GreatFalls,73966.05,73966.05,0.0,SchoolPrimary,STD2016,GreatFalls,6B,514464.6073377922,674840.7163166145
287,RetailStripmall_STD2013_Honolulu,22502.2,22502.2,0.0,RetailStripmall,STD2013,Honolulu,1A,0.0,1863058.5138392502
288,ApartmentHighRise_STD2016_NewYork,84359.39,75999.49,8359.899999999994,ApartmentHighRise,STD2016,NewYork,4A,405807.71068645926,967756.8829882332
289,RetailStandalone_STD2013_Tampa,24694.74,24694.74,0.0,RetailStandalone,STD2013,Tampa,2A,2400.4073364483247,1292934.8071743883
290,ApartmentMidRise_STD2016_Fairbanks,33744.0,30400.0,3344.0,ApartmentMidRise,STD2016,Fairbanks,8,406782.9967674909,206911.69322285682
291,ApartmentHighRise_STD2019_NewYork,84359.39,75999.49,8359.899999999994,ApartmentHighRise,STD2019,NewYork,4A,457352.87508960726,940849.7442462998
292,OfficeLarge_STD2016_Tampa,498637.07,498637.07,0.0,OfficeLarge,STD2016,Tampa,2A,82086.26633228334,21522138.28391104
293,OfficeLarge_STD2019_NewYork,498637.07,498637.07,0.0,OfficeLarge,STD2019,NewYork,4A,502744.5816888417,10573263.920829695
294,OfficeLarge_STD2016_NewYork,498637.07,498637.07,0.0,OfficeLarge,STD2016,NewYork,4A,611134.0160002654,10485143.302070273
295,SchoolSecondary_STD2019_Honolulu,210907.12,210907.12,0.0,SchoolSecondary,STD2019,Honolulu,1A,4717.4985320050055,11674485.658201689
296,OfficeLarge_STD2016_ElPaso,498637.07,498637.07,0.0,OfficeLarge,STD2016,ElPaso,3B,199193.20675580332,15599011.516938925
297,Warehouse_STD2016_Atlanta,52050.0,52050.0,0.0,Warehouse,STD2016,Atlanta,3A,123294.87144889697,146021.52079387542
298,SchoolSecondary_STD2019_ElPaso,210907.12,210907.12,0.0,SchoolSecondary,STD2019,ElPaso,3B,225522.2813435338,5487633.031022449
299,Warehouse_STD2019_Atlanta,52050.0,52050.0,0.0,Warehouse,STD2019,Atlanta,3A,122350.27179435833,141226.27748641113
300,ApartmentHighRise_STD2013_Honolulu,84359.39,75999.49,8359.899999999994,ApartmentHighRise,STD2013,Honolulu,1A,2.3001234662233587,3643797.215084058
301,HotelLarge_STD2019_Buffalo,122131.57,122131.57,0.0,HotelLarge,STD2019,Buffalo,5A,420443.0367785102,1833750.8335835752
302,RetailStandalone_STD2019_SanDiego,24694.74,24694.74,0.0,RetailStandalone,STD2019,SanDiego,3C,6376.574426082689,338540.87374796823
303,RestaurantSitDown_STD2016_NewYork,5502.55,5502.55,0.0,RestaurantSitDown,STD2016,NewYork,4A,265353.8658053893,465743.20287560095
304,OfficeSmall_STD2013_Tampa,5502.59,5502.59,0.0,OfficeSmall,STD2013,Tampa,2A,301.47209872189654,181765.51830613604
305,SchoolPrimary_STD2016_PortAngeles,73966.05,73966.05,0.0,SchoolPrimary,STD2016,PortAngeles,5C,312426.9575894845,389242.6083214293
306,SchoolSecondary_STD2019_InternationalFalls,210907.12,210907.12,0.0,SchoolSecondary,STD2019,InternationalFalls,7,1937884.7087951475,2580636.459612239
307,HotelLarge_STD2019_Honolulu,122131.57,122131.57,0.0,HotelLarge,STD2019,Honolulu,1A,103.447081707344,9415124.886648709
308,OfficeLarge_STD2013_Honolulu,498637.07,498637.07,0.0,OfficeLarge,STD2013,Honolulu,1A,4666.44957908037,29628413.947421808
309,HotelLarge_STD2016_Buffalo,122131.57,122131.57,0.0,HotelLarge,STD2016,Buffalo,5A,809406.4822329738,2325360.8132870435
310,RestaurantSitDown_STD2019_NewYork,5502.55,5502.55,0.0,RestaurantSitDown,STD2019,NewYork,4A,267700.2585572426,442764.51316136203
311,ApartmentMidRise_STD2016_SanDiego,33744.0,30400.0,3344.0,ApartmentMidRise,STD2016,SanDiego,3C,4802.439950846278,280266.6659876826
312,HotelLarge_STD2019_ElPaso,122131.57,122131.57,0.0,HotelLarge,STD2019,ElPaso,3B,66614.88273384662,3526937.1364344084
313,SchoolSecondary_STD2016_GreatFalls,210907.12,210907.12,0.0,SchoolSecondary,STD2016,GreatFalls,6B,1015590.3827094494,2266636.377231673
314,OfficeMedium_STD2016_SanDiego,53633.04,53633.04,0.0,OfficeMedium,STD2016,SanDiego,3C,6337.628551173339,793082.3748252733
315,ApartmentHighRise_STD2019_Tampa,84359.39,75999.49,8359.899999999994,ApartmentHighRise,STD2019,Tampa,2A,11062.215896946871,2642378.7673847685
316,HotelLarge_STD2013_InternationalFalls,122131.57,122131.57,0.0,HotelLarge,STD2013,InternationalFalls,7,2252624.450884003,1896687.1788463758
317,OfficeSmall_STD2016_Seattle,5502.59,5502.59,0.0,OfficeSmall,STD2016,Seattle,4C,12658.144413159327,33714.96414742595
318,SchoolPrimary_STD2019_ElPaso,73966.05,73966.05,0.0,SchoolPrimary,STD2019,ElPaso,3B,92251.70251258732,1874171.0851855078
319,OfficeSmall_STD2019_Seattle,5502.59,5502.59,0.0,OfficeSmall,STD2019,Seattle,4C,13725.540005045288,30933.036121209887
320,Hospital_STD2016_SanDiego,241524.56,241524.56,0.0,Hospital,STD2016,SanDiego,3C,3999567.3912536143,11935242.036544627
321,Hospital_STD2019_Fairbanks,241524.56,241524.56,0.0,Hospital,STD2019,Fairbanks,8,8502500.175870426,4153427.389560756
322,ApartmentMidRise_STD2013_Fairbanks,33744.0,30400.0,3344.0,ApartmentMidRise,STD2013,Fairbanks,8,457154.04590725637,201428.06036752166
323,RetailStripmall_STD2016_Denver,22502.2,22502.2,0.0,RetailStripmall,STD2016,Denver,5B,239574.7580292912,311866.1658364082
324,Warehouse_STD2016_PortAngeles,52050.0,52050.0,0.0,Warehouse,STD2016,PortAngeles,5C,158488.1382359128,5935.521665240933
325,Warehouse_STD2016_Tucson,52050.0,52050.0,0.0,Warehouse,STD2016,Tucson,2B,2289.904712796983,244960.2085021279
326,RestaurantFastFood_STD2019_Tucson,2501.16,2501.16,0.0,RestaurantFastFood,STD2019,Tucson,2B,14776.678306427284,436811.02007400134
327,RetailStandalone_STD2013_Tucson,24694.74,24694.74,0.0,RetailStandalone,STD2013,Tucson,2B,3140.0075701068895,1021078.1850930649
328,RestaurantSitDown_STD2019_Honolulu,5502.55,5502.55,0.0,RestaurantSitDown,STD2019,Honolulu,1A,2.13401047674165,1512878.3682724296
329,OfficeSmall_STD2016_ElPaso,5502.59,5502.59,0.0,OfficeSmall,STD2016,ElPaso,3B,3198.5038707309086,100518.43318968001
330,RestaurantFastFood_STD2019_GreatFalls,2501.16,2501.16,0.0,RestaurantFastFood,STD2019,GreatFalls,6B,270356.5613189133,81542.49249317951
331,SchoolSecondary_STD2016_Albuquerque,210907.12,210907.12,0.0,SchoolSecondary,STD2016,Albuquerque,4B,512761.5357567155,4252640.1457073605
332,OfficeSmall_STD2013_Rochester,5502.59,5502.59,0.0,OfficeSmall,STD2013,Rochester,6A,59516.01128271424,47690.07619790879
333,ApartmentMidRise_STD2013_InternationalFalls,33744.0,30400.0,3344.0,ApartmentMidRise,STD2013,InternationalFalls,7,310956.26906163007,265613.58735423296
334,SchoolPrimary_STD2013_Honolulu,73966.05,73966.05,0.0,SchoolPrimary,STD2013,Honolulu,1A,145.476778742861,5065183.549749425
335,RestaurantSitDown_STD2016_Tampa,5502.55,5502.55,0.0,RestaurantSitDown,STD2016,Tampa,2A,20444.29673915492,1382056.435491439
336,ApartmentMidRise_STD2013_ElPaso,33744.0,30400.0,3344.0,ApartmentMidRise,STD2013,ElPaso,3B,26888.434171123157,605849.7645854453
337,Warehouse_STD2016_Seattle,52050.0,52050.0,0.0,Warehouse,STD2016,Seattle,4C,177868.38701005705,15338.86570609148
338,Warehouse_STD2019_Seattle,52050.0,52050.0,0.0,Warehouse,STD2019,Seattle,4C,182975.51568701098,13878.37490462344
339,HotelSmall_STD2016_SanDiego,43206.06,40100.48,3105.5799999999945,HotelSmall,STD2016,SanDiego,3C,3135.415220324375,1170136.6228481338
340,ApartmentHighRise_STD2013_GreatFalls,84359.39,75999.49,8359.899999999994,ApartmentHighRise,STD2013,GreatFalls,6B,802446.7012603129,448189.0297992371
341,OfficeLarge_STD2019_Fairbanks,498637.07,498637.07,0.0,OfficeLarge,STD2019,Fairbanks,8,2511784.755966046,4071353.5060823215
342,RetailStripmall_STD2016_Tucson,22502.2,22502.2,0.0,RetailStripmall,STD2016,Tucson,2B,3321.532706953695,929006.219482221
343,OfficeSmall_STD2016_Atlanta,5502.59,5502.59,0.0,OfficeSmall,STD2016,Atlanta,3A,11234.652506431687,93775.39167187101
344,Warehouse_STD2016_InternationalFalls,52050.0,52050.0,0.0,Warehouse,STD2016,InternationalFalls,7,1004743.4723436787,18894.937949977128
345,RestaurantFastFood_STD2013_InternationalFalls,2501.16,2501.16,0.0,RestaurantFastFood,STD2013,InternationalFalls,7,468715.85284413554,109009.85752658482
346,RetailStripmall_STD2016_GreatFalls,22502.2,22502.2,0.0,RetailStripmall,STD2016,GreatFalls,6B,444791.64944700425,199514.27626442327
347,OfficeSmall_STD2019_Atlanta,5502.59,5502.59,0.0,OfficeSmall,STD2019,Atlanta,3A,11644.874044226746,89296.50881279923
348,RetailStandalone_STD2013_Denver,24694.74,24694.74,0.0,RetailStandalone,STD2013,Denver,5B,220789.91696854928,371503.9437967731
349,Warehouse_STD2016_Denver,52050.0,52050.0,0.0,Warehouse,STD2016,Denver,5B,356482.9070802263,50375.04528915388
350,HotelSmall_STD2019_ElPaso,43206.06,40100.48,3105.5799999999945,HotelSmall,STD2019,ElPaso,3B,21405.10976888346,1264256.0552823152
351,RestaurantFastFood_STD2019_Denver,2501.16,2501.16,0.0,RestaurantFastFood,STD2019,Denver,5B,175828.8409935343,127156.6621227381
352,ApartmentMidRise_STD2016_Honolulu,33744.0,30400.0,3344.0,ApartmentMidRise,STD2016,Honolulu,1A,0.0,1362955.0973972604
353,RetailStandalone_STD2019_Tucson,24694.74,24694.74,0.0,RetailStandalone,STD2019,Tucson,2B,5725.5537852337375,920235.6344598
354,RestaurantSitDown_STD2019_Fairbanks,5502.55,5502.55,0.0,RestaurantSitDown,STD2019,Fairbanks,8,1116709.0239982356,61921.75291898556
355,OfficeSmall_STD2019_NewYork,5502.59,5502.59,0.0,OfficeSmall,STD2019,NewYork,4A,22178.094750601304,65598.15240637831
356,RestaurantFastFood_STD2013_Tucson,2501.16,2501.16,0.0,RestaurantFastFood,STD2013,Tucson,2B,14610.514371679676,468302.9122945948
357,OfficeLarge_STD2013_SanDiego,498637.07,498637.07,0.0,OfficeLarge,STD2013,SanDiego,3C,29931.75112396289,11151301.400875628
358,HotelLarge_STD2019_SanDiego,122131.57,122131.57,0.0,HotelLarge,STD2019,SanDiego,3C,418349.95909768716,2547244.229725197
359,OfficeSmall_STD2016_NewYork,5502.59,5502.59,0.0,OfficeSmall,STD2016,NewYork,4A,21209.42110967725,68946.66359565924
360,RetailStandalone_STD2019_Honolulu,24694.74,24694.74,0.0,RetailStandalone,STD2019,Honolulu,1A,0.0,1960789.302957799
361,ApartmentHighRise_STD2013_SanDiego,84359.39,75999.49,8359.899999999994,ApartmentHighRise,STD2013,SanDiego,3C,33859.65326522507,266977.0689055568
362,ApartmentMidRise_STD2019_Buffalo,33744.0,30400.0,3344.0,ApartmentMidRise,STD2019,Buffalo,5A,184363.59222531243,254621.25641541675
363,SchoolSecondary_STD2016_Buffalo,210907.12,210907.12,0.0,SchoolSecondary,STD2016,Buffalo,5A,891556.9062960449,3119794.0420143036
364,Hospital_STD2016_ElPaso,241524.56,241524.56,0.0,Hospital,STD2016,ElPaso,3B,3409171.593560419,13775586.919784695
365,ApartmentMidRise_STD2016_Buffalo,33744.0,30400.0,3344.0,ApartmentMidRise,STD2016,Buffalo,5A,166054.50656095368,270284.8697154978
366,SchoolSecondary_STD2019_Buffalo,210907.12,210907.12,0.0,SchoolSecondary,STD2019,Buffalo,5A,811532.3839167369,2977195.683433203
367,SchoolSecondary_STD2016_Rochester,210907.12,210907.12,0.0,SchoolSecondary,STD2016,Rochester,6A,1714084.034148441,3281715.4289917997
368,Hospital_STD2013_GreatFalls,241524.56,241524.56,0.0,Hospital,STD2013,GreatFalls,6B,5513566.792466731,6383334.590649852
369,RetailStripmall_STD2013_Rochester,22502.2,22502.2,0.0,RetailStripmall,STD2013,Rochester,6A,661565.6963802858,327471.2093804625
370,RestaurantFastFood_STD2013_Rochester,2501.16,2501.16,0.0,RestaurantFastFood,STD2013,Rochester,6A,367055.05005061824,157088.88467919745
371,Hospital_STD2016_Honolulu,241524.56,241524.56,0.0,Hospital,STD2016,Honolulu,1A,3168418.0593482195,28709952.440699145
372,ApartmentHighRise_STD2013_PortAngeles,84359.39,75999.49,8359.899999999994,ApartmentHighRise,STD2013,PortAngeles,5C,381771.2895691724,89210.7030733011
373,SchoolSecondary_STD2016_InternationalFalls,210907.12,210907.12,0.0,SchoolSecondary,STD2016,InternationalFalls,7,2123328.97136013,2770121.115495631
374,RestaurantSitDown_STD2019_Seattle,5502.55,5502.55,0.0,RestaurantSitDown,STD2019,Seattle,4C,180425.48884430988,117677.6405910056
375,ApartmentMidRise_STD2019_ElPaso,33744.0,30400.0,3344.0,ApartmentMidRise,STD2019,ElPaso,3B,8625.830744139836,587441.3355587553
376,HotelSmall_STD2013_PortAngeles,43206.06,40100.48,3105.5799999999945,HotelSmall,STD2013,PortAngeles,5C,98321.11828312711,660191.5832433777
377,RestaurantSitDown_STD2016_Seattle,5502.55,5502.55,0.0,RestaurantSitDown,STD2016,Seattle,4C,176871.90442695012,128115.54430306952
378,SchoolPrimary_STD2019_Buffalo,73966.05,73966.05,0.0,SchoolPrimary,STD2019,Buffalo,5A,414067.18449002487,894735.5660575648
379,Hospital_STD2013_InternationalFalls,241524.56,241524.56,0.0,Hospital,STD2013,InternationalFalls,7,7442173.705112655,6975659.545252752
380,Warehouse_STD2016_GreatFalls,52050.0,52050.0,0.0,Warehouse,STD2016,GreatFalls,6B,655558.2678056298,23211.600979836272
381,Warehouse_STD2019_Rochester,52050.0,52050.0,0.0,Warehouse,STD2019,Rochester,6A,1107281.0926421026,32520.241226982227
382,HotelLarge_STD2016_PortAngeles,122131.57,122131.57,0.0,HotelLarge,STD2016,PortAngeles,5C,470530.6910168071,832454.5502218487
383,OfficeMedium_STD2016_Honolulu,53633.04,53633.04,0.0,OfficeMedium,STD2016,Honolulu,1A,17.89923389754336,2408837.296980783
384,SchoolSecondary_STD2016_Tampa,210907.12,210907.12,0.0,SchoolSecondary,STD2016,Tampa,2A,64061.533647899436,10265118.845899733
385,SchoolPrimary_STD2016_Buffalo,73966.05,73966.05,0.0,SchoolPrimary,STD2016,Buffalo,5A,470317.75623828656,956512.7487815426
386,ApartmentMidRise_STD2016_Tampa,33744.0,30400.0,3344.0,ApartmentMidRise,STD2016,Tampa,2A,7652.355709347886,1102795.0252663859
387,HotelSmall_STD2016_Tampa,43206.06,40100.48,3105.5799999999945,HotelSmall,STD2016,Tampa,2A,5782.795115939179,2081434.218587538
388,HotelLarge_STD2013_Tampa,122131.57,122131.57,0.0,HotelLarge,STD2013,Tampa,2A,231373.14197118088,9710422.297817888
389,HotelSmall_STD2013_GreatFalls,43206.06,40100.48,3105.5799999999945,HotelSmall,STD2013,GreatFalls,6B,299255.03944663616,706085.7384959727
390,RestaurantSitDown_STD2016_GreatFalls,5502.55,5502.55,0.0,RestaurantSitDown,STD2016,GreatFalls,6B,433007.3075015027,172918.8357733815
391,OfficeLarge_STD2019_PortAngeles,498637.07,498637.07,0.0,OfficeLarge,STD2019,PortAngeles,5C,947603.9315058059,4640018.591889966
392,RestaurantFastFood_STD2019_Albuquerque,2501.16,2501.16,0.0,RestaurantFastFood,STD2019,Albuquerque,4B,88628.66934037118,186023.92018711733
393,OfficeLarge_STD2016_Seattle,498637.07,498637.07,0.0,OfficeLarge,STD2016,Seattle,4C,707831.6978633415,6447577.671674876
394,HotelLarge_STD2016_Rochester,122131.57,122131.57,0.0,HotelLarge,STD2016,Rochester,6A,1430946.746105587,2418868.2210514895
395,OfficeLarge_STD2019_Seattle,498637.07,498637.07,0.0,OfficeLarge,STD2019,Seattle,4C,836325.9848424183,6482996.059439512
396,OfficeSmall_STD2013_GreatFalls,5502.59,5502.59,0.0,OfficeSmall,STD2013,GreatFalls,6B,36355.288419057215,38966.99562858839
397,OfficeMedium_STD2016_PortAngeles,53633.04,53633.04,0.0,OfficeMedium,STD2016,PortAngeles,5C,122475.04156757443,192865.07176897486
398,ApartmentHighRise_STD2019_Seattle,84359.39,75999.49,8359.899999999994,ApartmentHighRise,STD2019,Seattle,4C,212216.7034143714,250286.34570403513
399,Hospital_STD2016_PortAngeles,241524.56,241524.56,0.0,Hospital,STD2016,PortAngeles,5C,4988497.849982961,4892951.7559003085
400,ApartmentHighRise_STD2013_Fairbanks,84359.39,75999.49,8359.899999999994,ApartmentHighRise,STD2013,Fairbanks,8,1580353.1638297378,328291.3280991504
401,SchoolPrimary_STD2013_Fairbanks,73966.05,73966.05,0.0,SchoolPrimary,STD2013,Fairbanks,8,1817055.672813661,420757.03924358886
402,ApartmentHighRise_STD2016_Seattle,84359.39,75999.49,8359.899999999994,ApartmentHighRise,STD2016,Seattle,4C,456482.9792172418,150932.5105834687
403,RestaurantSitDown_STD2013_PortAngeles,5502.55,5502.55,0.0,RestaurantSitDown,STD2013,PortAngeles,5C,227669.5585647557,60452.97614887164
404,OfficeMedium_STD2013_Tampa,53633.04,53633.04,0.0,OfficeMedium,STD2013,Tampa,2A,11899.302381257954,2038352.2885007015
405,OfficeMedium_STD2013_Fairbanks,53633.04,53633.04,0.0,OfficeMedium,STD2013,Fairbanks,8,739947.1813153009,222999.87115243814
406,OfficeMedium_STD2013_Seattle,53633.04,53633.04,0.0,OfficeMedium,STD2013,Seattle,4C,115857.4817169149,337979.1034668626
407,HotelSmall_STD2019_InternationalFalls,43206.06,40100.48,3105.5799999999945,HotelSmall,STD2019,InternationalFalls,7,399109.58560744656,638778.466431789
408,SchoolSecondary_STD2019_SanDiego,210907.12,210907.12,0.0,SchoolSecondary,STD2019,SanDiego,3C,118208.43542011846,4617531.598375338
409,HotelSmall_STD2019_Buffalo,43206.06,40100.48,3105.5799999999945,HotelSmall,STD2019,Buffalo,5A,215573.07137751917,756972.6914587583
410,HotelSmall_STD2013_ElPaso,43206.06,40100.48,3105.5799999999945,HotelSmall,STD2013,ElPaso,3B,30116.633734873365,1453596.1345680966
411,OfficeMedium_STD2019_GreatFalls,53633.04,53633.04,0.0,OfficeMedium,STD2019,GreatFalls,6B,327688.883335506,390610.4938785584
412,RestaurantFastFood_STD2013_Denver,2501.16,2501.16,0.0,RestaurantFastFood,STD2013,Denver,5B,178459.76149916108,140053.65799503084
413,HotelSmall_STD2016_Buffalo,43206.06,40100.48,3105.5799999999945,HotelSmall,STD2016,Buffalo,5A,204420.32429284195,816940.6718892293
414,RetailStandalone_STD2019_Denver,24694.74,24694.74,0.0,RetailStandalone,STD2019,Denver,5B,263488.0851038817,328108.6257167066
415,SchoolPrimary_STD2019_Tampa,73966.05,73966.05,0.0,SchoolPrimary,STD2019,Tampa,2A,20169.816016606394,3503798.999077602
416,Hospital_STD2013_Seattle,241524.56,241524.56,0.0,Hospital,STD2013,Seattle,4C,5043221.1569232745,6730520.021257729
417,RetailStandalone_STD2016_Fairbanks,24694.74,24694.74,0.0,RetailStandalone,STD2016,Fairbanks,8,652042.8006849701,120852.01298763767
418,RetailStripmall_STD2013_SanDiego,22502.2,22502.2,0.0,RetailStripmall,STD2013,SanDiego,3C,2874.2700273629857,325227.1394242308
419,Warehouse_STD2019_InternationalFalls,52050.0,52050.0,0.0,Warehouse,STD2019,InternationalFalls,7,1008863.3662462699,17763.938375526697
420,RestaurantFastFood_STD2016_Rochester,2501.16,2501.16,0.0,RestaurantFastFood,STD2016,Rochester,6A,363163.28438930894,155894.48226425366
421,ApartmentHighRise_STD2019_Albuquerque,84359.39,75999.49,8359.899999999994,ApartmentHighRise,STD2019,Albuquerque,4B,144860.68104670782,1010711.2434300348
422,HotelSmall_STD2019_Albuquerque,43206.06,40100.48,3105.5799999999945,HotelSmall,STD2019,Albuquerque,4B,44826.38413374411,1020213.5779585575
423,OfficeMedium_STD2013_ElPaso,53633.04,53633.04,0.0,OfficeMedium,STD2013,ElPaso,3B,36442.747922821734,1106278.2984098727
424,HotelSmall_STD2016_Honolulu,43206.06,40100.48,3105.5799999999945,HotelSmall,STD2016,Honolulu,1A,9.371184583730962,2396334.3190935417
425,HotelSmall_STD2019_Fairbanks,43206.06,40100.48,3105.5799999999945,HotelSmall,STD2019,Fairbanks,8,532518.9204550094,478132.77920848737
426,ApartmentMidRise_STD2016_GreatFalls,33744.0,30400.0,3344.0,ApartmentMidRise,STD2016,GreatFalls,6B,187314.23323005682,244674.88884085685
427,RetailStandalone_STD2013_InternationalFalls,24694.74,24694.74,0.0,RetailStandalone,STD2013,InternationalFalls,7,414694.6388759771,279729.0047721478
428,RestaurantSitDown_STD2019_ElPaso,5502.55,5502.55,0.0,RestaurantSitDown,STD2019,ElPaso,3B,61698.72903985852,587256.1182809642
429,RestaurantSitDown_STD2019_Atlanta,5502.55,5502.55,0.0,RestaurantSitDown,STD2019,Atlanta,3A,126800.6292942624,701295.5374158936
430,RestaurantSitDown_STD2016_Atlanta,5502.55,5502.55,0.0,RestaurantSitDown,STD2016,Atlanta,3A,125761.41749335635,733549.9338703261
431,Warehouse_STD2019_NewYork,52050.0,52050.0,0.0,Warehouse,STD2019,NewYork,4A,427470.6975401108,78170.69002279472
432,ApartmentMidRise_STD2016_Albuquerque,33744.0,30400.0,3344.0,ApartmentMidRise,STD2016,Albuquerque,4B,67664.61251558736,422537.0906133419
433,OfficeMedium_STD2013_InternationalFalls,53633.04,53633.04,0.0,OfficeMedium,STD2013,InternationalFalls,7,438808.7494971602,488256.72663463483
434,SchoolSecondary_STD2013_Rochester,210907.12,210907.12,0.0,SchoolSecondary,STD2013,Rochester,6A,1576011.697575789,3457260.7765937997
435,RetailStripmall_STD2016_Rochester,22502.2,22502.2,0.0,RetailStripmall,STD2016,Rochester,6A,697642.1946134251,292347.8703667973
436,Warehouse_STD2016_NewYork,52050.0,52050.0,0.0,Warehouse,STD2016,NewYork,4A,422917.9092617592,81484.96538647523
437,RetailStripmall_STD2016_Albuquerque,22502.2,22502.2,0.0,RetailStripmall,STD2016,Albuquerque,4B,86286.75173848927,428979.8198797184
438,OfficeMedium_STD2016_Fairbanks,53633.04,53633.04,0.0,OfficeMedium,STD2016,Fairbanks,8,508041.7159550394,224442.57558780222
439,HotelLarge_STD2013_GreatFalls,122131.57,122131.57,0.0,HotelLarge,STD2013,GreatFalls,6B,1140691.7694775064,1496462.69392595
440,RestaurantSitDown_STD2019_Albuquerque,5502.55,5502.55,0.0,RestaurantSitDown,STD2019,Albuquerque,4B,131580.41848456807,363660.4780801979
441,OfficeLarge_STD2016_Atlanta,498637.07,498637.07,0.0,OfficeLarge,STD2016,Atlanta,3A,467224.9748269509,15388587.127834043
442,RestaurantSitDown_STD2019_SanDiego,5502.55,5502.55,0.0,RestaurantSitDown,STD2019,SanDiego,3C,25446.40915061713,267577.4990318472
443,OfficeLarge_STD2013_GreatFalls,498637.07,498637.07,0.0,OfficeLarge,STD2013,GreatFalls,6B,2502288.510004379,6341023.630141654
444,OfficeLarge_STD2019_Atlanta,498637.07,498637.07,0.0,OfficeLarge,STD2019,Atlanta,3A,240390.49426671257,14482808.17193938
445,ApartmentHighRise_STD2019_Atlanta,84359.39,75999.49,8359.899999999994,ApartmentHighRise,STD2019,Atlanta,3A,188588.96274311724,1360642.6537549922
446,SchoolSecondary_STD2013_ElPaso,210907.12,210907.12,0.0,SchoolSecondary,STD2013,ElPaso,3B,205252.6554513161,6133404.193818752
447,ApartmentHighRise_STD2016_ElPaso,84359.39,75999.49,8359.899999999994,ApartmentHighRise,STD2016,ElPaso,3B,144985.7939591282,1382602.1518513376
448,ApartmentHighRise_STD2016_Atlanta,84359.39,75999.49,8359.899999999994,ApartmentHighRise,STD2016,Atlanta,3A,389301.41712786816,1345710.357281771
449,RetailStandalone_STD2013_Fairbanks,24694.74,24694.74,0.0,RetailStandalone,STD2013,Fairbanks,8,641048.7408030852,131668.62861325723
450,OfficeLarge_STD2013_Albuquerque,498637.07,498637.07,0.0,OfficeLarge,STD2013,Albuquerque,4B,455832.9096431939,11823800.453065613
451,SchoolPrimary_STD2013_ElPaso,73966.05,73966.05,0.0,SchoolPrimary,STD2013,ElPaso,3B,71958.11824481991,2210813.113414673
452,RetailStripmall_STD2013_Buffalo,22502.2,22502.2,0.0,RetailStripmall,STD2013,Buffalo,5A,462984.6080036088,289156.94876993174
453,HotelLarge_STD2013_Rochester,122131.57,122131.57,0.0,HotelLarge,STD2013,Rochester,6A,1560223.1934025926,2440768.2008381863
454,OfficeMedium_STD2013_Atlanta,53633.04,53633.04,0.0,OfficeMedium,STD2013,Atlanta,3A,108709.42393934769,1224656.468036057
455,RestaurantFastFood_STD2019_Buffalo,2501.16,2501.16,0.0,RestaurantFastFood,STD2019,Buffalo,5A,258656.00441302572,123524.39848649997
456,SchoolPrimary_STD2013_SanDiego,73966.05,73966.05,0.0,SchoolPrimary,STD2013,SanDiego,3C,27633.986699892044,1640271.895115645
457,RestaurantFastFood_STD2013_PortAngeles,2501.16,2501.16,0.0,RestaurantFastFood,STD2013,PortAngeles,5C,134680.09925360966,28259.266759786366
458,RestaurantFastFood_STD2016_Tampa,2501.16,2501.16,0.0,RestaurantFastFood,STD2016,Tampa,2A,17794.324532319453,779464.3083074447
459,RetailStripmall_STD2013_Tampa,22502.2,22502.2,0.0,RetailStripmall,STD2013,Tampa,2A,9370.787878644885,1490114.9927465578
460,RestaurantFastFood_STD2016_Buffalo,2501.16,2501.16,0.0,RestaurantFastFood,STD2016,Buffalo,5A,246504.6881081632,141329.0653835829
461,Hospital_STD2013_Atlanta,241524.56,241524.56,0.0,Hospital,STD2013,Atlanta,3A,4521969.597805971,16435935.88614413
462,HotelLarge_STD2013_ElPaso,122131.57,122131.57,0.0,HotelLarge,STD2013,ElPaso,3B,244693.307981647,4291821.887009943
463,ApartmentHighRise_STD2016_Fairbanks,84359.39,75999.49,8359.899999999994,ApartmentHighRise,STD2016,Fairbanks,8,1418857.042368782,349492.4868324858
464,OfficeSmall_STD2016_Albuquerque,5502.59,5502.59,0.0,OfficeSmall,STD2016,Albuquerque,4B,4752.785307152232,76249.77953945148
465,SchoolPrimary_STD2016_Fairbanks,73966.05,73966.05,0.0,SchoolPrimary,STD2016,Fairbanks,8,1856738.7945144982,400749.4889374029
466,OfficeMedium_STD2013_Albuquerque,53633.04,53633.04,0.0,OfficeMedium,STD2013,Albuquerque,4B,57961.443348172004,838473.334060436
467,SchoolSecondary_STD2019_GreatFalls,210907.12,210907.12,0.0,SchoolSecondary,STD2019,GreatFalls,6B,1008702.1797139419,2128502.2114161258
468,ApartmentMidRise_STD2016_InternationalFalls,33744.0,30400.0,3344.0,ApartmentMidRise,STD2016,InternationalFalls,7,303177.09366828826,260425.75347536377
469,OfficeSmall_STD2019_Albuquerque,5502.59,5502.59,0.0,OfficeSmall,STD2019,Albuquerque,4B,5170.8944919128135,72008.73874070587
470,RetailStandalone_STD2013_ElPaso,24694.74,24694.74,0.0,RetailStandalone,STD2013,ElPaso,3B,29064.67101575306,758171.4309649812
471,ApartmentHighRise_STD2019_Fairbanks,84359.39,75999.49,8359.899999999994,ApartmentHighRise,STD2019,Fairbanks,8,1320164.4410174398,305983.3290632605
472,RestaurantFastFood_STD2019_ElPaso,2501.16,2501.16,0.0,RestaurantFastFood,STD2019,ElPaso,3B,50169.28376345864,313343.5581468314
473,Warehouse_STD2016_ElPaso,52050.0,52050.0,0.0,Warehouse,STD2016,ElPaso,3B,18094.374265276914,166170.89708775
474,HotelSmall_STD2019_Denver,43206.06,40100.48,3105.5799999999945,HotelSmall,STD2019,Denver,5B,108916.13037406394,836436.7297213263
475,SchoolPrimary_STD2019_Fairbanks,73966.05,73966.05,0.0,SchoolPrimary,STD2019,Fairbanks,8,1636644.718257352,360755.6132839694
476,Hospital_STD2013_Albuquerque,241524.56,241524.56,0.0,Hospital,STD2013,Albuquerque,4B,3649980.812230272,10221998.24844577
477,OfficeMedium_STD2016_Tampa,53633.04,53633.04,0.0,OfficeMedium,STD2016,Tampa,2A,11485.407700341471,1987413.6387728292
478,OfficeMedium_STD2019_Fairbanks,53633.04,53633.04,0.0,OfficeMedium,STD2019,Fairbanks,8,454613.36464266083,209702.53727175333
479,OfficeSmall_STD2016_Tucson,5502.59,5502.59,0.0,OfficeSmall,STD2016,Tucson,2B,539.6113678128357,138333.62950810636
480,RestaurantSitDown_STD2016_Albuquerque,5502.55,5502.55,0.0,RestaurantSitDown,STD2016,Albuquerque,4B,126609.96880226218,382037.69804904255
481,HotelSmall_STD2019_Atlanta,43206.06,40100.48,3105.5799999999945,HotelSmall,STD2019,Atlanta,3A,54549.50652084368,1304431.9249140543
482,RetailStripmall_STD2013_Seattle,22502.2,22502.2,0.0,RetailStripmall,STD2013,Seattle,4C,175585.18079089306,155570.01843269056
483,RestaurantFastFood_STD2019_Seattle,2501.16,2501.16,0.0,RestaurantFastFood,STD2019,Seattle,4C,111816.36104319931,53653.041892488014
484,SchoolPrimary_STD2016_SanDiego,73966.05,73966.05,0.0,SchoolPrimary,STD2016,SanDiego,3C,42919.76057663617,1529251.7750835584
485,HotelLarge_STD2016_Tampa,122131.57,122131.57,0.0,HotelLarge,STD2016,Tampa,2A,236406.62248310304,9268505.866422469
486,HotelSmall_STD2016_Atlanta,43206.06,40100.48,3105.5799999999945,HotelSmall,STD2016,Atlanta,3A,49828.24651951856,1393163.4778891245
487,ApartmentMidRise_STD2013_Tucson,33744.0,30400.0,3344.0,ApartmentMidRise,STD2013,Tucson,2B,5328.828983177959,823895.1302002075
488,RestaurantFastFood_STD2016_Seattle,2501.16,2501.16,0.0,RestaurantFastFood,STD2016,Seattle,4C,103151.18519673785,65193.254285535055
489,SchoolSecondary_STD2013_Tampa,210907.12,210907.12,0.0,SchoolSecondary,STD2013,Tampa,2A,30882.773902820994,10894221.048516143
490,RestaurantSitDown_STD2013_Fairbanks,5502.55,5502.55,0.0,RestaurantSitDown,STD2013,Fairbanks,8,1132962.6268182187,70266.61499012553
491,OfficeSmall_STD2019_Honolulu,5502.59,5502.59,0.0,OfficeSmall,STD2019,Honolulu,1A,0.0,203112.15459893746
492,ApartmentMidRise_STD2013_Tampa,33744.0,30400.0,3344.0,ApartmentMidRise,STD2013,Tampa,2A,7207.215243009339,1127810.4617535488
493,SchoolSecondary_STD2016_Atlanta,210907.12,210907.12,0.0,SchoolSecondary,STD2016,Atlanta,3A,394422.24235176126,6346252.0038433345
494,HotelSmall_STD2013_Honolulu,43206.06,40100.48,3105.5799999999945,HotelSmall,STD2013,Honolulu,1A,11.026626685264052,2728203.5287333275
495,ApartmentMidRise_STD2019_Atlanta,33744.0,30400.0,3344.0,ApartmentMidRise,STD2019,Atlanta,3A,33898.88499206326,543547.2113362923
496,HotelSmall_STD2013_Tampa,43206.06,40100.48,3105.5799999999945,HotelSmall,STD2013,Tampa,2A,9200.759594869856,2343450.9001300707
497,RetailStandalone_STD2019_InternationalFalls,24694.74,24694.74,0.0,RetailStandalone,STD2019,InternationalFalls,7,454781.7784089628,238510.08446550285
498,OfficeSmall_STD2016_Denver,5502.59,5502.59,0.0,OfficeSmall,STD2016,Denver,5B,17216.296558867576,53898.37825883089
499,SchoolSecondary_STD2019_Atlanta,210907.12,210907.12,0.0,SchoolSecondary,STD2019,Atlanta,3A,323292.5441847277,5921284.557269943
500,ApartmentMidRise_STD2016_Atlanta,33744.0,30400.0,3344.0,ApartmentMidRise,STD2016,Atlanta,3A,94960.42612738992,581985.997827475
501,Warehouse_STD2013_InternationalFalls,52050.0,52050.0,0.0,Warehouse,STD2013,InternationalFalls,7,947405.4518905849,28575.206887248118
502,ApartmentMidRise_STD2019_Albuquerque,33744.0,30400.0,3344.0,ApartmentMidRise,STD2019,Albuquerque,4B,28376.277093339675,453443.01959800895
503,ApartmentMidRise_STD2013_Denver,33744.0,30400.0,3344.0,ApartmentMidRise,STD2013,Denver,5B,167137.45941589898,328651.7876215941
504,RestaurantFastFood_STD2016_InternationalFalls,2501.16,2501.16,0.0,RestaurantFastFood,STD2016,InternationalFalls,7,463828.65737502027,108163.3661130813
505,RetailStripmall_STD2019_Albuquerque,22502.2,22502.2,0.0,RetailStripmall,STD2019,Albuquerque,4B,89535.81433619086,415570.9591146528
506,RetailStripmall_STD2019_Rochester,22502.2,22502.2,0.0,RetailStripmall,STD2019,Rochester,6A,722269.7146392189,269197.55504135456
507,RestaurantFastFood_STD2019_Rochester,2501.16,2501.16,0.0,RestaurantFastFood,STD2019,Rochester,6A,372013.6259758095,138432.28005054485
508,SchoolPrimary_STD2019_Atlanta,73966.05,73966.05,0.0,SchoolPrimary,STD2019,Atlanta,3A,154472.42252937725,2021701.6553004193
509,HotelSmall_STD2016_Albuquerque,43206.06,40100.48,3105.5799999999945,HotelSmall,STD2016,Albuquerque,4B,42150.8617291849,1093578.0023993892
510,RetailStripmall_STD2016_ElPaso,22502.2,22502.2,0.0,RetailStripmall,STD2016,ElPaso,3B,34173.90101556988,633642.5755562193
511,OfficeMedium_STD2019_InternationalFalls,53633.04,53633.04,0.0,OfficeMedium,STD2019,InternationalFalls,7,293884.5373640541,446365.1390762342
512,ApartmentHighRise_STD2016_Albuquerque,84359.39,75999.49,8359.899999999994,ApartmentHighRise,STD2016,Albuquerque,4B,250320.80846290317,947688.4710228726
513,SchoolPrimary_STD2016_Atlanta,73966.05,73966.05,0.0,SchoolPrimary,STD2016,Atlanta,3A,193879.6392194793,2207840.9511315087
514,Warehouse_STD2019_Tampa,52050.0,52050.0,0.0,Warehouse,STD2019,Tampa,2A,1108.3631575294821,285380.4480396086
515,SchoolPrimary_STD2019_GreatFalls,73966.05,73966.05,0.0,SchoolPrimary,STD2019,GreatFalls,6B,496944.24563694524,603238.8309827606
516,HotelSmall_STD2016_Fairbanks,43206.06,40100.48,3105.5799999999945,HotelSmall,STD2016,Fairbanks,8,529434.7829538507,523695.16328785854
517,Warehouse_STD2013_Rochester,52050.0,52050.0,0.0,Warehouse,STD2013,Rochester,6A,1114273.8170510193,43842.01363999623
518,HotelSmall_STD2019_Tucson,43206.06,40100.48,3105.5799999999945,HotelSmall,STD2019,Tucson,2B,6680.7236896429395,1499518.0689484589
519,HotelLarge_STD2013_Albuquerque,122131.57,122131.57,0.0,HotelLarge,STD2013,Albuquerque,4B,290756.23503537546,2994882.4633092466
520,OfficeMedium_STD2019_Tucson,53633.04,53633.04,0.0,OfficeMedium,STD2019,Tucson,2B,11400.877163786281,1418827.126768356
521,ApartmentHighRise_STD2019_Buffalo,84359.39,75999.49,8359.899999999994,ApartmentHighRise,STD2019,Buffalo,5A,755457.6237523254,477435.74694805243
522,RestaurantSitDown_STD2013_Tucson,5502.55,5502.55,0.0,RestaurantSitDown,STD2013,Tucson,2B,16632.39072104752,825237.8760825272
523,HotelLarge_STD2019_Denver,122131.57,122131.57,0.0,HotelLarge,STD2019,Denver,5B,256157.31267418593,1844294.0276710896
524,ApartmentHighRise_STD2016_Buffalo,84359.39,75999.49,8359.899999999994,ApartmentHighRise,STD2016,Buffalo,5A,691000.4610201502,516717.7303633624
525,OfficeLarge_STD2016_Buffalo,498637.07,498637.07,0.0,OfficeLarge,STD2016,Buffalo,5A,1019883.598817745,8830236.04585813
526,RestaurantFastFood_STD2013_Tampa,2501.16,2501.16,0.0,RestaurantFastFood,STD2013,Tampa,2A,17819.57023653727,785420.8624060998
527,RetailStripmall_STD2019_GreatFalls,22502.2,22502.2,0.0,RetailStripmall,STD2019,GreatFalls,6B,470863.27255746076,183575.01352052588
528,RetailStripmall_STD2016_Tampa,22502.2,22502.2,0.0,RetailStripmall,STD2016,Tampa,2A,13545.602445000743,1389210.9170560166
529,OfficeLarge_STD2019_Buffalo,498637.07,498637.07,0.0,OfficeLarge,STD2019,Buffalo,5A,877017.5531983629,9032463.922303747
530,RetailStandalone_STD2019_Fairbanks,24694.74,24694.74,0.0,RetailStandalone,STD2019,Fairbanks,8,680184.0491907967,105715.55762524261
531,SchoolPrimary_STD2019_Denver,73966.05,73966.05,0.0,SchoolPrimary,STD2019,Denver,5B,441162.0167943097,958374.2498839417
532,RetailStandalone_STD2013_GreatFalls,24694.74,24694.74,0.0,RetailStandalone,STD2013,GreatFalls,6B,391879.3415433468,237804.82995276217
533,OfficeMedium_STD2019_PortAngeles,53633.04,53633.04,0.0,OfficeMedium,STD2019,PortAngeles,5C,139407.46482293075,191755.38363427192
534,HotelLarge_STD2019_Rochester,122131.57,122131.57,0.0,HotelLarge,STD2019,Rochester,6A,792940.1351869032,1896581.3666643233
535,Hospital_STD2013_Buffalo,241524.56,241524.56,0.0,Hospital,STD2013,Buffalo,5A,5671107.5976428585,8826351.786033446
536,OfficeLarge_STD2016_PortAngeles,498637.07,498637.07,0.0,OfficeLarge,STD2016,PortAngeles,5C,726980.7011724507,4974270.791708644
537,RetailStripmall_STD2016_SanDiego,22502.2,22502.2,0.0,RetailStripmall,STD2016,SanDiego,3C,5327.407270047538,297727.8592715008
538,SchoolSecondary_STD2019_Denver,210907.12,210907.12,0.0,SchoolSecondary,STD2019,Denver,5B,1123102.1015266327,3077544.199340952
539,RestaurantFastFood_STD2016_Albuquerque,2501.16,2501.16,0.0,RestaurantFastFood,STD2016,Albuquerque,4B,87851.1044140756,200777.69405110707
540,RestaurantFastFood_STD2019_Atlanta,2501.16,2501.16,0.0,RestaurantFastFood,STD2019,Atlanta,3A,95448.09145367108,373426.8417453616
541,OfficeMedium_STD2013_Buffalo,53633.04,53633.04,0.0,OfficeMedium,STD2013,Buffalo,5A,349885.59730018245,578287.4991448772
542,HotelSmall_STD2019_Seattle,43206.06,40100.48,3105.5799999999945,HotelSmall,STD2019,Seattle,4C,59709.2885838378,713927.4235242321
543,OfficeSmall_STD2013_PortAngeles,5502.59,5502.59,0.0,OfficeSmall,STD2013,PortAngeles,5C,11734.841079394379,29692.73577831783
544,RetailStripmall_STD2013_Atlanta,22502.2,22502.2,0.0,RetailStripmall,STD2013,Atlanta,3A,119464.67672921927,760414.4720645183
545,HotelSmall_STD2013_InternationalFalls,43206.06,40100.48,3105.5799999999945,HotelSmall,STD2013,InternationalFalls,7,579269.7437880322,695463.5615206166
546,RestaurantFastFood_STD2016_Atlanta,2501.16,2501.16,0.0,RestaurantFastFood,STD2016,Atlanta,3A,92672.41506170154,405317.2898319551
547,HotelSmall_STD2016_Seattle,43206.06,40100.48,3105.5799999999945,HotelSmall,STD2016,Seattle,4C,49378.148926828464,778506.5513974533
548,OfficeLarge_STD2016_Tucson,498637.07,498637.07,0.0,OfficeLarge,STD2016,Tucson,2B,63567.62569156824,17801586.811069496
549,Hospital_STD2019_PortAngeles,241524.56,241524.56,0.0,Hospital,STD2019,PortAngeles,5C,4936990.067876299,5192340.81557355
550,RetailStandalone_STD2013_NewYork,24694.74,24694.74,0.0,RetailStandalone,STD2013,NewYork,4A,111004.84561428688,540773.102927854
551,SchoolSecondary_STD2019_Tucson,210907.12,210907.12,0.0,SchoolSecondary,STD2019,Tucson,2B,25894.590155145634,6741523.467830898
552,ApartmentHighRise_STD2016_SanDiego,84359.39,75999.49,8359.899999999994,ApartmentHighRise,STD2016,SanDiego,3C,39052.37446707899,241282.80434677837
553,ApartmentMidRise_STD2019_Seattle,33744.0,30400.0,3344.0,ApartmentMidRise,STD2019,Seattle,4C,41614.521006245544,207663.70903981873
554,SchoolSecondary_STD2016_Seattle,210907.12,210907.12,0.0,SchoolSecondary,STD2016,Seattle,4C,952747.6834339137,2135748.6327066426
555,ApartmentMidRise_STD2016_Seattle,33744.0,30400.0,3344.0,ApartmentMidRise,STD2016,Seattle,4C,120693.32973686518,148384.07584492647
556,SchoolSecondary_STD2019_Seattle,210907.12,210907.12,0.0,SchoolSecondary,STD2019,Seattle,4C,897063.2802137295,2069491.644247562
557,RestaurantFastFood_STD2016_GreatFalls,2501.16,2501.16,0.0,RestaurantFastFood,STD2016,GreatFalls,6B,273108.5697583304,88507.01649619898
558,HotelLarge_STD2016_InternationalFalls,122131.57,122131.57,0.0,HotelLarge,STD2016,InternationalFalls,7,2070520.7572688784,1910754.3634688223
559,HotelSmall_STD2013_Fairbanks,43206.06,40100.48,3105.5799999999945,HotelSmall,STD2013,Fairbanks,8,797991.405492359,483962.6414795219
560,OfficeLarge_STD2016_Denver,498637.07,498637.07,0.0,OfficeLarge,STD2016,Denver,5B,1189508.043936429,8574718.578271007
561,ApartmentMidRise_STD2013_Honolulu,33744.0,30400.0,3344.0,ApartmentMidRise,STD2013,Honolulu,1A,0.0,1391367.5010377993
562,Warehouse_STD2016_Rochester,52050.0,52050.0,0.0,Warehouse,STD2016,Rochester,6A,1103395.076792202,31014.67044807913
563,OfficeLarge_STD2016_SanDiego,498637.07,498637.07,0.0,OfficeLarge,STD2016,SanDiego,3C,26082.734325661757,10975388.984494656
564,HotelLarge_STD2019_PortAngeles,122131.57,122131.57,0.0,HotelLarge,STD2019,PortAngeles,5C,174639.25758031083,662275.229747317
565,RestaurantSitDown_STD2016_Fairbanks,5502.55,5502.55,0.0,RestaurantSitDown,STD2016,Fairbanks,8,1125056.2641670555,69181.95606305783
566,OfficeMedium_STD2013_Honolulu,53633.04,53633.04,0.0,OfficeMedium,STD2013,Honolulu,1A,16.341657243387978,2476807.330305976
567,SchoolPrimary_STD2019_Seattle,73966.05,73966.05,0.0,SchoolPrimary,STD2019,Seattle,4C,360108.10321175284,593543.0082133006
568,Warehouse_STD2019_SanDiego,52050.0,52050.0,0.0,Warehouse,STD2019,SanDiego,3C,1916.0298077771993,50614.45987147432
569,Hospital_STD2019_InternationalFalls,241524.56,241524.56,0.0,Hospital,STD2019,InternationalFalls,7,6928060.11779435,6910442.642576368
570,HotelLarge_STD2019_Tucson,122131.57,122131.57,0.0,HotelLarge,STD2019,Tucson,2B,33122.404002242,4680218.633795373
571,RestaurantSitDown_STD2013_Denver,5502.55,5502.55,0.0,RestaurantSitDown,STD2013,Denver,5B,258846.05675274582,270352.9610625717
572,SchoolPrimary_STD2016_Seattle,73966.05,73966.05,0.0,SchoolPrimary,STD2016,Seattle,4C,445483.1921597209,621968.350811293
573,OfficeMedium_STD2019_Denver,53633.04,53633.04,0.0,OfficeMedium,STD2019,Denver,5B,174899.85970764878,599217.6706970568
574,SchoolPrimary_STD2019_Tucson,73966.05,73966.05,0.0,SchoolPrimary,STD2019,Tucson,2B,17785.2884170173,2416582.3545999555
575,RestaurantSitDown_STD2019_Buffalo,5502.55,5502.55,0.0,RestaurantSitDown,STD2019,Buffalo,5A,420664.14718998905,245340.95035405297
576,ApartmentMidRise_STD2013_PortAngeles,33744.0,30400.0,3344.0,ApartmentMidRise,STD2013,PortAngeles,5C,113148.4018201428,130819.32190778114
577,HotelLarge_STD2016_NewYork,122131.57,122131.57,0.0,HotelLarge,STD2016,NewYork,4A,492386.11097924045,3792651.6310559283
578,RetailStripmall_STD2013_PortAngeles,22502.2,22502.2,0.0,RetailStripmall,STD2013,PortAngeles,5C,220771.14557768716,79147.41661615235
579,Hospital_STD2013_Honolulu,241524.56,241524.56,0.0,Hospital,STD2013,Honolulu,1A,3207898.4270153376,29964166.24922106
580,RestaurantSitDown_STD2016_Buffalo,5502.55,5502.55,0.0,RestaurantSitDown,STD2016,Buffalo,5A,419779.31887555233,261898.91374795506
581,HotelLarge_STD2019_NewYork,122131.57,122131.57,0.0,HotelLarge,STD2019,NewYork,4A,238372.07713122148,3054843.9044221654
582,RestaurantFastFood_STD2019_SanDiego,2501.16,2501.16,0.0,RestaurantFastFood,STD2019,SanDiego,3C,24129.976602124716,123255.34244534094
583,SchoolSecondary_STD2019_Rochester,210907.12,210907.12,0.0,SchoolSecondary,STD2019,Rochester,6A,1601612.9269359098,3089693.2981626806
584,ApartmentHighRise_STD2019_Tucson,84359.39,75999.49,8359.899999999994,ApartmentHighRise,STD2019,Tucson,2B,14125.856372930273,1893833.281167948
585,Warehouse_STD2016_Albuquerque,52050.0,52050.0,0.0,Warehouse,STD2016,Albuquerque,4B,136713.15698656967,90490.22770534968
586,OfficeSmall_STD2013_Fairbanks,5502.59,5502.59,0.0,OfficeSmall,STD2013,Fairbanks,8,96495.21815383581,27867.830912394016
587,Warehouse_STD2013_GreatFalls,52050.0,52050.0,0.0,Warehouse,STD2013,GreatFalls,6B,632718.932083339,32419.906266078113
588,SchoolSecondary_STD2016_SanDiego,210907.12,210907.12,0.0,SchoolSecondary,STD2016,SanDiego,3C,130987.6789563918,4834101.409624383
589,RetailStripmall_STD2019_Tampa,22502.2,22502.2,0.0,RetailStripmall,STD2019,Tampa,2A,15535.04677893114,1340983.7476017964
590,OfficeLarge_STD2013_Denver,498637.07,498637.07,0.0,OfficeLarge,STD2013,Denver,5B,1240971.0399002973,9831050.705326866
591,RestaurantSitDown_STD2016_Denver,5502.55,5502.55,0.0,RestaurantSitDown,STD2016,Denver,5B,264431.64038561075,264973.64257437666
592,ApartmentMidRise_STD2013_Rochester,33744.0,30400.0,3344.0,ApartmentMidRise,STD2013,Rochester,6A,280090.49271770066,299492.4913983527
593,RestaurantFastFood_STD2013_NewYork,2501.16,2501.16,0.0,RestaurantFastFood,STD2013,NewYork,4A,153467.8553735892,261259.13980264438
594,RetailStripmall_STD2019_NewYork,22502.2,22502.2,0.0,RetailStripmall,STD2019,NewYork,4A,348763.8797018396,432188.9117407893
595,Hospital_STD2019_Rochester,241524.56,241524.56,0.0,Hospital,STD2019,Rochester,6A,6374361.510554802,8654550.520701803
596,RetailStandalone_STD2016_Atlanta,24694.74,24694.74,0.0,RetailStandalone,STD2016,Atlanta,3A,117380.80836185087,779898.387445819
597,Hospital_STD2016_GreatFalls,241524.56,241524.56,0.0,Hospital,STD2016,GreatFalls,6B,5324668.213539414,6320511.413600846
598,RetailStripmall_STD2016_NewYork,22502.2,22502.2,0.0,RetailStripmall,STD2016,NewYork,4A,337965.9238159189,453725.5783997728
599,SchoolSecondary_STD2016_PortAngeles,210907.12,210907.12,0.0,SchoolSecondary,STD2016,PortAngeles,5C,465211.54674405046,1481749.4787518536
600,RetailStandalone_STD2019_Atlanta,24694.74,24694.74,0.0,RetailStandalone,STD2019,Atlanta,3A,130528.76699646571,732002.3120159921
601,RestaurantSitDown_STD2016_Tucson,5502.55,5502.55,0.0,RestaurantSitDown,STD2016,Tucson,2B,17537.337587896378,814930.8171555471
602,OfficeMedium_STD2019_Honolulu,53633.04,53633.04,0.0,OfficeMedium,STD2019,Honolulu,1A,11.262251886051004,2405673.082329245
603,Warehouse_STD2013_SanDiego,52050.0,52050.0,0.0,Warehouse,STD2013,SanDiego,3C,957.581232406371,70077.19333223395
604,RestaurantFastFood_STD2013_SanDiego,2501.16,2501.16,0.0,RestaurantFastFood,STD2013,SanDiego,3C,22911.582105442325,152295.33479238578
605,Hospital_STD2019_Honolulu,241524.56,241524.56,0.0,Hospital,STD2019,Honolulu,1A,3201817.715942938,28443502.421285115
606,Warehouse_STD2013_Buffalo,52050.0,52050.0,0.0,Warehouse,STD2013,Buffalo,5A,730836.9747320445,44725.700883922844
607,ApartmentHighRise_STD2019_Denver,84359.39,75999.49,8359.899999999994,ApartmentHighRise,STD2019,Denver,5B,369978.1655527165,724843.1399599371
608,OfficeLarge_STD2019_Rochester,498637.07,498637.07,0.0,OfficeLarge,STD2019,Rochester,6A,1780496.93991765,8366286.172341595
609,HotelSmall_STD2016_GreatFalls,43206.06,40100.48,3105.5799999999945,HotelSmall,STD2016,GreatFalls,6B,195543.99055112392,712045.9336901696
610,RestaurantSitDown_STD2013_GreatFalls,5502.55,5502.55,0.0,RestaurantSitDown,STD2013,GreatFalls,6B,431375.701107006,175476.57797440258
611,ApartmentHighRise_STD2013_InternationalFalls,84359.39,75999.49,8359.899999999994,ApartmentHighRise,STD2013,InternationalFalls,7,1193053.6639732134,527698.2043466369
612,OfficeSmall_STD2016_GreatFalls,5502.59,5502.59,0.0,OfficeSmall,STD2016,GreatFalls,6B,37121.48026794311,36110.455017980974
613,OfficeLarge_STD2013_Tucson,498637.07,498637.07,0.0,OfficeLarge,STD2013,Tucson,2B,66510.78468675238,17823238.95863493
614,RetailStandalone_STD2016_Honolulu,24694.74,24694.74,0.0,RetailStandalone,STD2016,Honolulu,1A,0.0,2038390.2768875984
615,HotelLarge_STD2016_SanDiego,122131.57,122131.57,0.0,HotelLarge,STD2016,SanDiego,3C,612600.170317477,3206089.703139645
616,HotelLarge_STD2013_Atlanta,122131.57,122131.57,0.0,HotelLarge,STD2013,Atlanta,3A,530885.8489443247,5632782.4755429905
617,ApartmentMidRise_STD2019_Honolulu,33744.0,30400.0,3344.0,ApartmentMidRise,STD2019,Honolulu,1A,0.0,1179142.611248233
618,OfficeSmall_STD2013_Denver,5502.59,5502.59,0.0,OfficeSmall,STD2013,Denver,5B,15111.496196006565,60038.36025723259
619,SchoolPrimary_STD2013_Tampa,73966.05,73966.05,0.0,SchoolPrimary,STD2013,Tampa,2A,19594.065249847892,3937376.6838820367
620,RetailStandalone_STD2016_Albuquerque,24694.74,24694.74,0.0,RetailStandalone,STD2016,Albuquerque,4B,93816.78253895845,497716.0945296937
621,ApartmentMidRise_STD2016_Rochester,33744.0,30400.0,3344.0,ApartmentMidRise,STD2016,Rochester,6A,270797.4679932313,294644.4451876733
622,OfficeMedium_STD2019_Tampa,53633.04,53633.04,0.0,OfficeMedium,STD2019,Tampa,2A,8359.366022968503,2040909.8956014505
623,ApartmentMidRise_STD2016_Denver,33744.0,30400.0,3344.0,ApartmentMidRise,STD2016,Denver,5B,173118.4061601949,309107.1900189436
624,OfficeLarge_STD2016_InternationalFalls,498637.07,498637.07,0.0,OfficeLarge,STD2016,InternationalFalls,7,1993173.6034783663,7150612.7215672955
625,Hospital_STD2019_Denver,241524.56,241524.56,0.0,Hospital,STD2019,Denver,5B,4118378.4127500607,8356998.6651694
626,RetailStripmall_STD2013_ElPaso,22502.2,22502.2,0.0,RetailStripmall,STD2013,ElPaso,3B,28603.707160096546,677246.6899415179
627,HotelLarge_STD2019_Tampa,122131.57,122131.57,0.0,HotelLarge,STD2019,Tampa,2A,25167.246790291665,7799445.442995619
628,OfficeSmall_STD2016_Fairbanks,5502.59,5502.59,0.0,OfficeSmall,STD2016,Fairbanks,8,92488.06198060153,26042.174195435346
629,HotelSmall_STD2013_NewYork,43206.06,40100.48,3105.5799999999945,HotelSmall,STD2013,NewYork,4A,182011.72476640274,1148224.5589342765
630,ApartmentMidRise_STD2013_GreatFalls,33744.0,30400.0,3344.0,ApartmentMidRise,STD2013,GreatFalls,6B,193591.67047731456,247910.52067959154
631,RetailStandalone_STD2016_Seattle,24694.74,24694.74,0.0,RetailStandalone,STD2016,Seattle,4C,182961.3554464257,160208.86895044448
632,RestaurantSitDown_STD2016_SanDiego,5502.55,5502.55,0.0,RestaurantSitDown,STD2016,SanDiego,3C,24565.44728131889,293587.4903227546
633,RetailStandalone_STD2019_Seattle,24694.74,24694.74,0.0,RetailStandalone,STD2019,Seattle,4C,202961.20260124418,146945.18801773654
634,OfficeSmall_STD2013_InternationalFalls,5502.59,5502.59,0.0,OfficeSmall,STD2013,InternationalFalls,7,68585.68102055987,39428.323056884576
635,ApartmentMidRise_STD2013_NewYork,33744.0,30400.0,3344.0,ApartmentMidRise,STD2013,NewYork,4A,83208.81953444816,438090.4596023521
636,RestaurantSitDown_STD2016_InternationalFalls,5502.55,5502.55,0.0,RestaurantSitDown,STD2016,InternationalFalls,7,791386.6244951141,203597.42778897288
637,Hospital_STD2019_Tucson,241524.56,241524.56,0.0,Hospital,STD2019,Tucson,2B,2925119.8017097977,16321850.108096223
638,SchoolSecondary_STD2013_NewYork,210907.12,210907.12,0.0,SchoolSecondary,STD2013,NewYork,4A,321013.48621236306,4973361.076462408
639,SchoolPrimary_STD2016_Albuquerque,73966.05,73966.05,0.0,SchoolPrimary,STD2016,Albuquerque,4B,183860.1153902522,1440827.319482099
640,OfficeSmall_STD2013_Buffalo,5502.59,5502.59,0.0,OfficeSmall,STD2013,Buffalo,5A,36077.66763935729,47226.71509669183
641,RetailStandalone_STD2016_ElPaso,24694.74,24694.74,0.0,RetailStandalone,STD2016,ElPaso,3B,34827.96400532798,720458.0747019796
642,Warehouse_STD2013_ElPaso,52050.0,52050.0,0.0,Warehouse,STD2013,ElPaso,3B,11367.422950065571,189327.04424625472
643,HotelLarge_STD2016_GreatFalls,122131.57,122131.57,0.0,HotelLarge,STD2016,GreatFalls,6B,1091691.133681268,1563218.3161675828
644,Warehouse_STD2016_Tampa,52050.0,52050.0,0.0,Warehouse,STD2016,Tampa,2A,1307.6631919452175,289249.50603726465
645,SchoolPrimary_STD2013_NewYork,73966.05,73966.05,0.0,SchoolPrimary,STD2013,NewYork,4A,190805.2040420001,1642150.940923793
646,OfficeLarge_STD2016_GreatFalls,498637.07,498637.07,0.0,OfficeLarge,STD2016,GreatFalls,6B,2299525.5149944867,6470166.969248977
647,HotelSmall_STD2019_Honolulu,43206.06,40100.48,3105.5799999999945,HotelSmall,STD2019,Honolulu,1A,11.532627969272834,2261633.900193844
648,OfficeSmall_STD2013_Tucson,5502.59,5502.59,0.0,OfficeSmall,STD2013,Tucson,2B,371.4982891857756,146419.85806555545
649,OfficeSmall_STD2013_Honolulu,5502.59,5502.59,0.0,OfficeSmall,STD2013,Honolulu,1A,0.0,221738.6283648478
650,ApartmentMidRise_STD2016_Tucson,33744.0,30400.0,3344.0,ApartmentMidRise,STD2016,Tucson,2B,5819.304683524245,800849.0899724198
651,HotelLarge_STD2013_Seattle,122131.57,122131.57,0.0,HotelLarge,STD2013,Seattle,4C,495320.14752538037,1286807.3574682206
652,OfficeSmall_STD2013_Seattle,5502.59,5502.59,0.0,OfficeSmall,STD2013,Seattle,4C,10123.38357208764,40404.77919882983
653,OfficeSmall_STD2019_InternationalFalls,5502.59,5502.59,0.0,OfficeSmall,STD2019,InternationalFalls,7,71340.70392471341,31444.988859344725
654,SchoolSecondary_STD2016_ElPaso,210907.12,210907.12,0.0,SchoolSecondary,STD2016,ElPaso,3B,242740.5295443083,5804550.573149085
655,ApartmentHighRise_STD2013_ElPaso,84359.39,75999.49,8359.899999999994,ApartmentHighRise,STD2013,ElPaso,3B,136202.6218383599,1419695.0317636852
656,OfficeLarge_STD2013_Rochester,498637.07,498637.07,0.0,OfficeLarge,STD2013,Rochester,6A,2631797.387208377,8782506.789305035
657,RestaurantSitDown_STD2013_NewYork,5502.55,5502.55,0.0,RestaurantSitDown,STD2013,NewYork,4A,261104.4862186914,476063.72482561704
658,SchoolPrimary_STD2019_Albuquerque,73966.05,73966.05,0.0,SchoolPrimary,STD2019,Albuquerque,4B,179296.15296440176,1306500.7153457606
659,SchoolPrimary_STD2016_ElPaso,73966.05,73966.05,0.0,SchoolPrimary,STD2016,ElPaso,3B,101322.55622122565,2051538.3945091385
660,HotelLarge_STD2013_Buffalo,122131.57,122131.57,0.0,HotelLarge,STD2013,Buffalo,5A,855143.5292779783,2383230.3958989135
661,Warehouse_STD2013_Atlanta,52050.0,52050.0,0.0,Warehouse,STD2013,Atlanta,3A,114451.25978027243,167704.30233701796
662,OfficeSmall_STD2016_Honolulu,5502.59,5502.59,0.0,OfficeSmall,STD2016,Honolulu,1A,0.0,212513.70834351552
663,HotelLarge_STD2016_ElPaso,122131.57,122131.57,0.0,HotelLarge,STD2016,ElPaso,3B,270289.79232745647,4178890.644297438
664,Warehouse_STD2013_PortAngeles,52050.0,52050.0,0.0,Warehouse,STD2013,PortAngeles,5C,127150.81287929213,9008.161796902627
665,SchoolPrimary_STD2019_SanDiego,73966.05,73966.05,0.0,SchoolPrimary,STD2019,SanDiego,3C,28998.409996266928,1429418.481068691
666,OfficeLarge_STD2013_NewYork,498637.07,498637.07,0.0,OfficeLarge,STD2013,NewYork,4A,796604.9723334797,15850419.35520992
667,ApartmentHighRise_STD2013_NewYork,84359.39,75999.49,8359.899999999994,ApartmentHighRise,STD2013,NewYork,4A,399583.0161948178,1048854.7188554287
668,OfficeSmall_STD2019_Fairbanks,5502.59,5502.59,0.0,OfficeSmall,STD2019,Fairbanks,8,94343.25163156434,21602.053709484968
669,OfficeMedium_STD2016_ElPaso,53633.04,53633.04,0.0,OfficeMedium,STD2016,ElPaso,3B,33725.2437886403,1093627.1654593705
670,RetailStandalone_STD2016_Buffalo,24694.74,24694.74,0.0,RetailStandalone,STD2016,Buffalo,5A,446268.9395330734,307393.7080007258
671,OfficeLarge_STD2019_ElPaso,498637.07,498637.07,0.0,OfficeLarge,STD2019,ElPaso,3B,249334.47975432876,15433892.407760117
672,RestaurantFastFood_STD2019_Tampa,2501.16,2501.16,0.0,RestaurantFastFood,STD2019,Tampa,2A,18363.018810722526,727045.7470859266
673,RestaurantSitDown_STD2013_SanDiego,5502.55,5502.55,0.0,RestaurantSitDown,STD2013,SanDiego,3C,23139.730356824653,299352.28694787977
674,OfficeMedium_STD2019_NewYork,53633.04,53633.04,0.0,OfficeMedium,STD2019,NewYork,4A,205536.16513686854,829873.2846379956
675,RetailStandalone_STD2019_Buffalo,24694.74,24694.74,0.0,RetailStandalone,STD2019,Buffalo,5A,473913.1107726104,287171.5668952539
676,OfficeMedium_STD2016_NewYork,53633.04,53633.04,0.0,OfficeMedium,STD2016,NewYork,4A,193311.2793076258,853415.8156837631
677,RetailStandalone_STD2019_Albuquerque,24694.74,24694.74,0.0,RetailStandalone,STD2019,Albuquerque,4B,108775.48750121344,465502.25006312813
678,Hospital_STD2019_NewYork,241524.56,241524.56,0.0,Hospital,STD2019,NewYork,4A,5252112.155351505,12066955.69602901
679,ApartmentMidRise_STD2019_Rochester,33744.0,30400.0,3344.0,ApartmentMidRise,STD2019,Rochester,6A,296902.2713822277,273269.3913589665
680,Hospital_STD2013_Rochester,241524.56,241524.56,0.0,Hospital,STD2013,Rochester,6A,6525668.945766886,8657547.636727922
681,SchoolSecondary_STD2013_Albuquerque,210907.12,210907.12,0.0,SchoolSecondary,STD2013,Albuquerque,4B,455259.38607687317,4590087.907099506
682,Hospital_STD2016_NewYork,241524.56,241524.56,0.0,Hospital,STD2016,NewYork,4A,5248466.668617288,11984518.031940376
683,OfficeLarge_STD2016_Rochester,498637.07,498637.07,0.0,OfficeLarge,STD2016,Rochester,6A,1905018.5628631436,9056468.359611353
684,OfficeSmall_STD2013_Atlanta,5502.59,5502.59,0.0,OfficeSmall,STD2013,Atlanta,3A,10163.730347323373,99722.13899148711
685,RestaurantFastFood_STD2016_SanDiego,2501.16,2501.16,0.0,RestaurantFastFood,STD2016,SanDiego,3C,22789.148751330053,150073.18796042306
686,RetailStripmall_STD2016_InternationalFalls,22502.2,22502.2,0.0,RetailStripmall,STD2016,InternationalFalls,7,819896.2793250477,190485.1149978917
687,SchoolPrimary_STD2013_PortAngeles,73966.05,73966.05,0.0,SchoolPrimary,STD2013,PortAngeles,5C,229789.331064495,425493.2366153787
688,Warehouse_STD2016_SanDiego,52050.0,52050.0,0.0,Warehouse,STD2016,SanDiego,3C,1714.269226718717,55361.85095062283
689,ApartmentHighRise_STD2019_GreatFalls,84359.39,75999.49,8359.899999999994,ApartmentHighRise,STD2019,GreatFalls,6B,715362.5647145736,417669.2532014927
690,Warehouse_STD2013_Tampa,52050.0,52050.0,0.0,Warehouse,STD2013,Tampa,2A,896.6720911321364,329706.2182486344
691,Warehouse_STD2019_Denver,52050.0,52050.0,0.0,Warehouse,STD2019,Denver,5B,361262.3843712312,47532.31405523332
692,HotelSmall_STD2016_ElPaso,43206.06,40100.48,3105.5799999999945,HotelSmall,STD2016,ElPaso,3B,17530.724010917307,1350081.5223511248
693,RestaurantFastFood_STD2016_Denver,2501.16,2501.16,0.0,RestaurantFastFood,STD2016,Denver,5B,177536.04261024317,138251.06989156263
694,HotelLarge_STD2013_SanDiego,122131.57,122131.57,0.0,HotelLarge,STD2013,SanDiego,3C,668750.3768361021,3274342.4984272
695,OfficeLarge_STD2019_SanDiego,498637.07,498637.07,0.0,OfficeLarge,STD2019,SanDiego,3C,38686.74281158821,10700471.352114351
696,RetailStandalone_STD2013_Honolulu,24694.74,24694.74,0.0,RetailStandalone,STD2013,Honolulu,1A,0.0,1881599.5985699748
697,SchoolSecondary_STD2019_Tampa,210907.12,210907.12,0.0,SchoolSecondary,STD2019,Tampa,2A,47777.751878973,9653860.19425198
698,Warehouse_STD2013_Seattle,52050.0,52050.0,0.0,Warehouse,STD2013,Seattle,4C,152557.57402821703,21251.68799499726
699,ApartmentMidRise_STD2019_Tampa,33744.0,30400.0,3344.0,ApartmentMidRise,STD2019,Tampa,2A,1566.6664230207682,925828.3582471381
700,ApartmentHighRise_STD2019_InternationalFalls,84359.39,75999.49,8359.899999999994,ApartmentHighRise,STD2019,InternationalFalls,7,1044037.485704514,477796.28122416337
701,HotelSmall_STD2019_Tampa,43206.06,40100.48,3105.5799999999945,HotelSmall,STD2019,Tampa,2A,6910.778973625537,1965368.5381472374
702,RetailStandalone_STD2016_GreatFalls,24694.74,24694.74,0.0,RetailStandalone,STD2016,GreatFalls,6B,414678.61047579057,219897.15659223226
703,ApartmentHighRise_STD2019_SanDiego,84359.39,75999.49,8359.899999999994,ApartmentHighRise,STD2019,SanDiego,3C,38513.009899702105,233855.4489752146
704,RetailStripmall_STD2019_Tucson,22502.2,22502.2,0.0,RetailStripmall,STD2019,Tucson,2B,4204.106649539878,896012.049850115
705,SchoolPrimary_STD2016_InternationalFalls,73966.05,73966.05,0.0,SchoolPrimary,STD2016,InternationalFalls,7,1033929.9734674247,828911.5474901798
706,RetailStandalone_STD2013_PortAngeles,24694.74,24694.74,0.0,RetailStandalone,STD2013,PortAngeles,5C,190458.69947881278,82409.67061172961
707,Warehouse_STD2019_Tucson,52050.0,52050.0,0.0,Warehouse,STD2019,Tucson,2B,2426.223131443599,238305.8261005544
708,SchoolSecondary_STD2013_SanDiego,210907.12,210907.12,0.0,SchoolSecondary,STD2013,SanDiego,3C,77316.38249188071,5142934.770620296
709,RestaurantFastFood_STD2016_Tucson,2501.16,2501.16,0.0,RestaurantFastFood,STD2016,Tucson,2B,14600.678936062448,464819.951903231
710,RetailStripmall_STD2019_Denver,22502.2,22502.2,0.0,RetailStripmall,STD2019,Denver,5B,256562.0007316632,301381.9604985741
711,Hospital_STD2016_Rochester,241524.56,241524.56,0.0,Hospital,STD2016,Rochester,6A,6365095.91347858,8557537.387212599
712,SchoolSecondary_STD2019_PortAngeles,210907.12,210907.12,0.0,SchoolSecondary,STD2019,PortAngeles,5C,432170.05869917595,1421981.1359016707
713,RetailStripmall_STD2019_SanDiego,22502.2,22502.2,0.0,RetailStripmall,STD2019,SanDiego,3C,7350.240650929736,265824.9836180987
714,Hospital_STD2013_ElPaso,241524.56,241524.56,0.0,Hospital,STD2013,ElPaso,3B,3553397.714676605,14122615.395017559
715,Warehouse_STD2019_Albuquerque,52050.0,52050.0,0.0,Warehouse,STD2019,Albuquerque,4B,139961.58200813076,86606.15336295114
716,RestaurantFastFood_STD2013_GreatFalls,2501.16,2501.16,0.0,RestaurantFastFood,STD2013,GreatFalls,6B,276407.0667030689,89171.98212141085
717,SchoolPrimary_STD2016_Tampa,73966.05,73966.05,0.0,SchoolPrimary,STD2016,Tampa,2A,28022.17834089777,3825990.782562168
718,OfficeSmall_STD2019_ElPaso,5502.59,5502.59,0.0,OfficeSmall,STD2019,ElPaso,3B,3397.030506816318,95517.00309118297
